ADLER,ANGEL,DOCTOR,DORAN,HOLMES,LESTRADE,MCCARTHY,RYDER,SIMON,STONER,TURNER,WATSON,WILSON
0.5367414824272563,0.4857936860827034,0.4821678282386732,0.503917504040475,0.5051121269078629,0.4261507242266708,0.5003888123117348,0.48232585139318884,0.5080047880576507,0.5244707076566126,0.5327768426383841,0.5052743938414286,0.4979675530187409
0.5166970465694509,0.5112593251321574,0.4745902284112796,0.5044981489631605,0.5131962378447313,0.4410721505670985,0.4957209590890843,0.49123645510835917,0.5084951313110389,0.5255542665635473,0.5394986742537091,0.5056407909449732,0.5030598144370599
0.4661796082252536,0.5162837804456302,0.49189132091076837,0.5052489191498175,0.5086902524292001,0.423573439209607,0.48020917260178597,0.5117627708978328,0.5048804886650733,0.5236348769012632,0.5362308586069237,0.5085031835471232,0.5167339903673689
0.44729856864458034,0.5158341979151227,0.518153561242676,0.4988202182781104,0.4923007796425434,0.43564548055347435,0.4952100288310646,0.5120994582043343,0.5022268663526197,0.48771228087135865,0.489788774355002,0.5036330665732494,0.49893336333359517
0.4708394933136214,0.5158589002519639,0.5060634732988271,0.4801702362152307,0.47830072774051957,0.4326178892323139,0.5017875540757918,0.5270356037151702,0.5154582677247942,0.46210162090745044,0.4572186140737652,0.4966635775121695,0.49428898318216463
0.4998509004771184,0.4834617854849069,0.4963777382720933,0.47989470725510286,0.4857967146018929,0.43955452251244087,0.5105800462083079,0.5258688080495356,0.5157047504297059,0.4759804395462748,0.4623409849252219,0.498883079797259,0.4846223893934924
0.49577691351387676,0.4871473741415938,0.48001294547840956,0.4870889718146818,0.4980488546335532,0.5009801347852998,0.5032326164401636,0.5173374613003096,0.5035838323078516,0.47284859177623095,0.462949859977358,0.5145310068635032,0.46807200911894753
0.4676370035615885,0.4820068178449681,0.48608338596179745,0.5246552189623099,0.5052070334656835,0.5315664719171742,0.4896578732387644,0.5099671052631578,0.5198792234745933,0.47541851959267856,0.45794479532860627,0.5142878400919809,0.49388143245589644
0.47248588804515823,0.5227212094264118,0.4921713567805315,0.5288787635591685,0.5011084047912983,0.5125041437760962,0.4910671424119838,0.535296052631579,0.5143058299715102,0.500088618200567,0.4551164124411607,0.5079269461140496,0.471563784872651
0.5009197970566495,0.5426337631539944,0.48937054858712237,0.5158244233308307,0.5043795669146842,0.4697940279803091,0.48979543138515436,0.5355785603715171,0.5084426881823343,0.5375056393400361,0.4817411964487875,0.4974822066832304,0.4480107491504053
0.4838657516295948,0.4887233832320537,0.5033026702296699,0.5029605494306351,0.4970883706101083,0.4614604870589633,0.49864477152714803,0.5101451238390092,0.5188867372638585,0.5129946506831657,0.536964487874635,0.49532180070516424,0.4396262420214515
0.48839333714132116,0.48099155180080033,0.5030370182248064,0.4928621356638028,0.5005782626909716,0.5124217473034317,0.5171933646441876,0.5315828173374613,0.500944631855792,0.4454333430007734,0.5327191205386403,0.5019326429980467,0.44138380452848286
0.4893635340366911,0.4969887851390742,0.4925363473523575,0.49786141448061866,0.5038010817864677,0.5078726955335363,0.5103687961977805,0.5708552631578948,0.5062426989331756,0.4412944702242846,0.5075876631114818,0.5059635924121892,0.4633936664069946
0.4666710066527787,0.49933303690529124,0.49008974183209986,0.4953788800579905,0.5078065834009913,0.4599141160487251,0.49937747920485775,0.5579256965944273,0.48655030410459255,0.4472943252126837,0.46842973544658284,0.5078608745052138,0.4755480177539286
0.46001402795511054,0.5075786769428389,0.49574529771229126,0.49315153353131974,0.4996842132580012,0.490439134875361,0.48400956730944683,0.5282410990712074,0.4782669119256986,0.4820205755349317,0.44541723768098673,0.5021920854737983,0.452264559855829
0.46945349774880724,0.5682377352897584,0.5008475242896281,0.48562903816353475,0.4995027044661692,0.4959175422090302,0.5021988248604066,0.49997291021671825,0.47773592524756436,0.5086543729053881,0.4632980545790384,0.5036818936859374,0.45119049387930976
0.5062369800416638,0.5467961069117139,0.49672250153390435,0.46853422291587304,0.4996281590722884,0.49566460419992064,0.5146990704999537,0.491031346749226,0.4793380628294904,0.5098648169631348,0.4839942203420128,0.4939980434278416,0.4733128567395517
0.5268904139506754,0.4085173657427993,0.49931968813982913,0.4441804215408171,0.49473943330404574,0.46327895804869823,0.504559069994638,0.5315828173374613,0.5053577211362853,0.4832572022428461,0.5079824077936006,0.4896303419428579,0.5135011791376481
0.4933787211880922,0.4117311397658219,0.4966447387642911,0.46124287600457115,0.497839911914851,0.45465607137450725,0.4921640984467159,0.5747097523219814,0.5171403810779948,0.49071321539056456,0.5218915718286361,0.493353409285328,0.5213168133778525
0.49947500167999465,0.4432710834444939,0.5063174384134597,0.477298447791885,0.5004007577695475,0.4449696953438328,0.4920272421276034,0.5593324303405572,0.5261815764666704,0.47971650232018564,0.5230944259071679,0.5007071212212513,0.48592994797360267
0.533303793427861,0.49971592312632773,0.5013010655297421,0.49142531685830415,0.4935551774122392,0.45529991357951355,0.49557708449719684,0.5316950464396285,0.49558756625861544,0.49765564578499616,0.5060552344634451,0.5084568752934229,0.469209754896446
0.5125474598481284,0.5287683414851044,0.49464673003058823,0.48858588921886614,0.4850727555155169,0.47074254551447015,0.4844622459034342,0.5568304953560372,0.4860363614432874,0.5193308520237174,0.5067683816957635,0.49990399272088504,0.48480069283623467
0.4618515220751293,0.5265377204683563,0.48649197762410024,0.5021644741465074,0.4918980199377917,0.4654845008402524,0.50001965116377,0.5333881578947368,0.4750967247955045,0.49695475638051045,0.49365615503783594,0.48173914425059783,0.48234265251843
0.43845339694912977,0.5148263425720073,0.4879568843649636,0.5046895398851285,0.5056262535265572,0.49035865459973516,0.5149938379565036,0.5134926470588235,0.46993369877453517,0.5337111691157516,0.5079954418161234,0.47868279950638115,0.47521051480873766
0.4474581681338619,0.4899066251667408,0.4926289434826483,0.4882900191945678,0.5063849128231364,0.47588561836636534,0.49248062254886826,0.5272678018575851,0.45876593451688735,0.5259510344160867,0.5097531728534827,0.4999723894303252,0.4642533437202164
0.46912169881056376,0.4876216590089423,0.504940632845106,0.4769017970405601,0.5079376730839812,0.4731262946306243,0.4591796200587851,0.5322407120743033,0.49028425486836114,0.4601258378448053,0.5329090448668296,0.5114114968862059,0.4742850350345038
0.49770890733149653,0.4718566276369745,0.5104752743609856,0.49129125075354396,0.49803536010736305,0.46632954373432306,0.47796893993200695,0.5154663312693499,0.5065193364370925,0.4626152036607373,0.5373908866114521,0.5043160648757321,0.4627271511567437
0.48913883475572884,0.47414159379477305,0.5075139961747909,0.48091176046362827,0.4858773851760406,0.47257059748939856,0.5006884925592272,0.5164783281733747,0.5154936668366699,0.5146622840938386,0.5212529047250194,0.49471669327292206,0.4551598681403587
0.45599044083058937,0.46766217084136164,0.5178915052040374,0.4716094219809238,0.49551351491627094,0.5100035066405808,0.5197873182618264,0.5343672600619195,0.5225092463791298,0.5352901843258572,0.506161368646845,0.4904077005781943,0.45552921098603927
0.4517988542436664,0.4343115458722395,0.5180915308252967,0.4807101990095751,0.5030252206762833,0.5122109656291738,0.5206540749495385,0.573047600619195,0.4979697953800226,0.5385448891466873,0.4806351665375678,0.4945039465676381,0.4719989301793436
0.504588485316847,0.443066054048713,0.49365469284829744,0.44752560200304004,0.4931510830840182,0.4856333127022786,0.5213271273086608,0.549655572755418,0.47621245235869525,0.5416525683165765,0.47972837097062504,0.49044877735553527,0.49757486091270137
0.5269639137154761,0.4670421421866509,0.4982791054135024,0.45439348494206494,0.4957894853914339,0.4656703719530072,0.5246685269768369,0.5346536377708979,0.5007427258102791,0.5168314159577211,0.5020035154620747,0.5038064803266457,0.5110728560603005
0.4924946240172031,0.49151227706141,0.5071746268623172,0.45596714363380164,0.5028732218922737,0.5024096177761767,0.5051479030804603,0.5395820433436532,0.5338487618832852,0.49676744972931175,0.4972498212476911,0.4986707206087423,0.5082815581173703
0.4944014179154627,0.4791709895756138,0.508948786698521,0.47710890605756884,0.49946577988351704,0.5431441344250547,0.5126504366769321,0.5134520123839009,0.5640691147993198,0.49902721384377413,0.5080717839480426,0.4938521433649282,0.49399393343762676
0.4779101706874538,0.5070895706733858,0.511984681183882,0.5194996837889115,0.5075865188200446,0.5284239087736914,0.5354956163868247,0.49873645510835907,0.5401956915347612,0.5186138502191286,0.5181508073645952,0.4918112863095945,0.47930724867174546
0.4689053995027216,0.5288745615335211,0.49703355261235715,0.5275935781411226,0.5100889378250828,0.5120404240927285,0.5393816340223406,0.4947213622291021,0.5281298386980469,0.5587417826759474,0.5088575493058451,0.5018739342077907,0.48341459583491647
0.47293318661380285,0.4922237043624327,0.49932732956805703,0.5160999522909586,0.5019173349052232,0.49199317067375403,0.4957335919800794,0.515861068111455,0.5247708563045163,0.5315581496519721,0.517204909730084,0.5095132460012629,0.4607806719068067
0.49354672065049393,0.48598636431006376,0.5228579840563847,0.5064638354370925,0.5041611335402,0.5059200907510918,0.47785945487671705,0.5360487616099071,0.5140383700151168,0.48086249677752,0.493374992551987,0.5065605619923167,0.47025198097247556
0.45870783213493715,0.4781557235314461,0.510846108377927,0.48609965642093433,0.49950922929201935,0.505115287994834,0.5027209843548663,0.5339705882352941,0.511075333243306,0.5069041634441867,0.49985476374903176,0.500198699222467,0.4981840643420709
0.45050525838317323,0.49514105034336253,0.4797801066653481,0.47366756783744896,0.4986283778022459,0.5104998016736065,0.520993057524571,0.5340073529411765,0.5164900862820576,0.4761113527971127,0.5168287850801406,0.4860785570115637,0.5209793104326618
0.45372454808144613,0.5177510992539894,0.4917510782279978,0.4970690375717947,0.5067614249329908,0.5246815759570925,0.509177093480586,0.5416079721362229,0.5382421849905143,0.49300923240525907,0.5035284960972413,0.4883331295640998,0.5220130458685607
0.4809845608494052,0.46994960723284424,0.4994019458672234,0.4990273272951192,0.5217987758536956,0.5321854035606773,0.4990258637388304,0.5343459752321982,0.5345134785396163,0.5180700567156483,0.505198712983376,0.5016139104568881,0.48874671783692447
0.508305473422485,0.4486636035768984,0.5181220965382083,0.5040219831428054,0.5207285561227705,0.5062765034002916,0.527618307024168,0.512234907120743,0.504206594461219,0.5061952178396494,0.48705721563486865,0.502510818014957,0.4839537514832086
0.556924517841543,0.455194901437676,0.5249364525343696,0.5201866570015792,0.5097268099903981,0.486796444304775,0.5391002012840632,0.5116776315789474,0.5255929023469612,0.4903728409383861,0.4893325835667044,0.49972670379981504,0.500032901230506
0.5585793125461999,0.4847463070006422,0.5018166371872352,0.5162256970512853,0.5136873792814536,0.4893200758047548,0.501118010853057,0.543842879256966,0.5625456419104508,0.4745786607373035,0.506969478043258,0.508635908039946,0.4947198831687918
0.5666789866272428,0.5020379427893878,0.49051091937618974,0.5112560052368994,0.5173086576282999,0.5183083046063461,0.4888900741971798,0.55828173374613,0.5502923048886174,0.49058230213972676,0.5119521986533994,0.517419169330683,0.4811624535402785
0.5451141556347019,0.47263722148115217,0.49944374897458776,0.5248133245065443,0.504708329162635,0.5021815903285702,0.49741306465513613,0.5456753095975232,0.5088229008654428,0.48909794728022693,0.5164936245009831,0.5150289659095686,0.45050912000883025
0.47031239500033606,0.4486463119411097,0.49863151010354134,0.5180785830784537,0.5014574829742826,0.4993398701201647,0.510518285407888,0.5549051857585139,0.47905486993448543,0.47011552590873934,0.5204615533575643,0.5169952259871844,0.4873945833961287
0.48898343525300725,0.4572155525912751,0.5113580840691954,0.5122832289775102,0.4958234441441542,0.48873563570794853,0.5018759843127567,0.5307875386996904,0.4985217593096386,0.4980947086878062,0.5042230232973843,0.5127201410096013,0.48051716489035395
0.513177457832135,0.4560570129934292,0.5105898957844038,0.5104479102330346,0.4962296145533275,0.49773409700172644,0.4962690861928116,0.5314241486068112,0.49749125183059295,0.49698295308069085,0.4864297205505571,0.5033976501370744,0.46907814997442193
0.5142883542772663,0.4627908700163035,0.5128270362720617,0.5099430820040756,0.5024529637909239,0.505734219638337,0.4864385915168733,0.5431578947368421,0.4955233234259523,0.4707660640629028,0.4831507328844664,0.49404764557406444,0.46627411607129593
0.5138305557422216,0.47012993429178407,0.5237070815812362,0.4967592986401074,0.505751856424173,0.5156447907225404,0.498914273201708,0.5428212074303406,0.4963296365297858,0.4931663283062645,0.5190911189894536,0.5004422535107567,0.5226668251586157
0.4849640481150461,0.4924361444592658,0.5274441894804502,0.4791125008783641,0.5010913512691899,0.46927090618874157,0.49155982516078867,0.5231482198142414,0.47790374325941914,0.5218907095901005,0.5226549931478282,0.5147608043065514,0.4803558427278729
0.4693694980176063,0.4688898769823625,0.5014853587987674,0.48516211828143896,0.49925120208794427,0.47959537583330625,0.49049866231720907,0.48557662538699686,0.4896221603684654,0.5123823794792473,0.5165569326103795,0.51366858829773,0.4696045696625183
0.4713203917747463,0.465979941702485,0.4830767087020135,0.4945559915529108,0.5060961892792663,0.5091009778353488,0.5015524419378293,0.4983068885448916,0.4937677896925653,0.45797080433101317,0.5236697849013883,0.5080982285252255,0.48090773433636097
0.5043427861030845,0.5041327009535101,0.48361430565263414,0.5106124879340506,0.5168305658432781,0.4974984047659653,0.5048566447602979,0.547124613003096,0.5256047020509197,0.44383217324052593,0.5253064857296074,0.5105767857692993,0.466891810140796
0.4861820442174585,0.5210562719233239,0.4723845526280894,0.5248743476990558,0.5053835003466314,0.45330323626517866,0.5060420310319949,0.5207991486068111,0.5311741623193499,0.4737065770817221,0.5103024638026574,0.5082505226148004,0.48555635980785683
0.4707848934883409,0.4969591423348648,0.4676891197299429,0.5104386642947754,0.49876554743659607,0.44286571099533023,0.49510545656671706,0.47614744582043345,0.5516505819220668,0.501973769012632,0.494667222784961,0.5003172793532811,0.4925781191958515
0.5324721960889724,0.4435601007855344,0.48928649287661563,0.4884185377363724,0.49017902490926407,0.44777309161146417,0.510544954844433,0.48804760061919505,0.5285310286326371,0.5023483823150297,0.4797767830542811,0.5048892021746666,0.47787869846977443
0.5543079262146361,0.4016451756336149,0.486969791636232,0.48355424961814275,0.500030177319557,0.4661245106511812,0.5085945768402613,0.5128134674922601,0.5068431727568434,0.4990977055942253,0.4773636268843473,0.5044515019859266,0.4584436232108629
0.5370942812982998,0.3912603132256312,0.48788406604890966,0.5259551978815706,0.500620229184508,0.4587797274018093,0.5260328792042963,0.515530185758514,0.5051925252808658,0.4951622518690384,0.48961374605255314,0.5042682065549624,0.46509603975317715
0.49238752435992206,0.4289066745714144,0.4985312725450226,0.5374210859169567,0.4989254056699254,0.4369369973575643,0.4987346054186681,0.5071613777089783,0.4767499944279176,0.5112283288218612,0.4550735863671573,0.5106153436876522,0.46236629895119363
0.4528782507895975,0.45502445531347263,0.4949469932103663,0.5257554856151693,0.4978050634131512,0.43703855580061585,0.49569499147981677,0.5097639318885449,0.5030082689703186,0.5014239333591132,0.4784175207054758,0.5097352931089637,0.46602576484747626
0.4690019991936026,0.48695716614791756,0.4820051107669971,0.4741270909689373,0.5004728274368927,0.48009550326040923,0.5293293619267124,0.5304450464396284,0.5040020662592709,0.47628254704820827,0.49904293034618363,0.5112415707837159,0.4714406705907575
0.47170889053155024,0.511246973963737,0.47309026099972357,0.4767834490308407,0.4996081397202481,0.5252085301427375,0.5249913675244867,0.5519717492260061,0.4980694373245613,0.4825583268883733,0.4947379789072276,0.5118085078143725,0.5137707569617942
0.47581437739399235,0.4985005681537473,0.4664948094475022,0.4925422262000303,0.4957208264285105,0.5525852372347744,0.5340035315948604,0.5442956656346749,0.5337805858159692,0.4936738689095127,0.512749136030507,0.5034023003382827,0.5029367001551664
0.4391715946508971,0.5103848624079838,0.474295808676617,0.5073357274149466,0.5002922083940402,0.524604928075544,0.5146113420902663,0.5199458204334365,0.5660239324217843,0.4696140274555298,0.5085391467556456,0.5008348079960985,0.47987824422052744
0.42819072978966466,0.5261276616767946,0.49032123215782686,0.5047071071678212,0.5058133973952599,0.46797747318761296,0.5013517193364644,0.5056791795665635,0.5605698470365044,0.4724195991234854,0.4786707531430614,0.5119420073407301,0.4969550441831686
0.4444110778845507,0.48698680895212687,0.507988214220698,0.5035088335694129,0.5134594552511873,0.4699358265611736,0.49868477568196556,0.5129760061919505,0.5379471923915509,0.48360160479505027,0.42997192099147946,0.5112624966891537,0.5276571988953678
0.4431027820710974,0.4699990119065263,0.4858136884949308,0.5106226584661359,0.5119416917835389,0.4637503425202206,0.5047850583779929,0.5146052631578948,0.5390183432953427,0.45169301044083526,0.4774325210033963,0.5026571055946377,0.49308968026371924
0.4560849405281903,0.503688058890371,0.4742854702737205,0.5119901327346896,0.5008957547851812,0.45790594155215797,0.5041084968824833,0.5211377708978329,0.5349238460217298,0.4423075373807682,0.5264143776440446,0.5029196482045283,0.4786258748012659
0.4669671057052618,0.4622498888394842,0.4768345608313874,0.515561838684266,0.5004652645705663,0.46123629200543437,0.5073572553500293,0.5203057275541796,0.5082617593883034,0.4525530097963393,0.46421602216528635,0.503956061798849,0.44724871419868517
0.5198050366238829,0.4558025789239662,0.48644478056739854,0.5074476032678844,0.5039950470640138,0.4895289412819741,0.5220303582407155,0.506669891640867,0.5075721322458376,0.48818155452436196,0.436204045760591,0.5036148532851831,0.45634006711851016
0.5277598111686043,0.47500864581789437,0.49075274810481345,0.45808538808901245,0.5021368063201836,0.5237368908170088,0.5198560973350215,0.4782082043343654,0.5195501428419718,0.4972347093323021,0.40275688196389203,0.5027336401561925,0.48183958209069283
0.5316867986022444,0.484091695074354,0.5057573666739335,0.45239821146570314,0.5024783216368416,0.5205368417623647,0.5200666455182713,0.47996323529411766,0.5036847853306081,0.48693082946635735,0.4130779657987249,0.4917537400696406,0.5047855370436016
0.5217937302600631,0.47765920656094063,0.5070415761119963,0.46104778670729946,0.510635688573028,0.48746519707128444,0.5095146724010633,0.4643749999999999,0.4989413043392756,0.48392183874709976,0.4836814038014658,0.49451925347994896,0.5162988450606762
0.46696710570526173,0.4906229929351317,0.4884072791346308,0.468234654516271,0.5066909864721082,0.4651989874814848,0.49741938110063366,0.46611842105263157,0.4939657625034252,0.5179028905645786,0.5483376035273789,0.50093168718794,0.5155665273494132
0.4691867986022445,0.509670964873277,0.47703908141042783,0.4723944021391403,0.4902332995970179,0.458181873925732,0.5121928452920023,0.4634365325077399,0.4824689176131559,0.501887164862078,0.49955870523744267,0.4942547732862217,0.5231189517455695
0.5233036254283985,0.500578034682081,0.4790065244312192,0.4783007074991957,0.4892757814035049,0.4535983306091399,0.5053710841547052,0.45915054179566567,0.47263845313747577,0.44823287251869043,0.4814823780015492,0.49614159242652733,0.4807442895138472
0.4985237047241449,0.5071463860481201,0.48486705038622924,0.4920152077192489,0.4974765977481936,0.4644305924689624,0.5076464081883593,0.4709229876160992,0.4744621629381788,0.4379471191028616,0.48216945718882204,0.5018754842748602,0.4760468428616004
0.5112307640615549,0.48775011116051586,0.49809436264869883,0.5100743743273579,0.5077293235312654,0.48074509405653165,0.5090093567612636,0.4743188854489163,0.47659004288536844,0.46267361111111116,0.4844299290949175,0.5002597331133272,0.506674704472657
0.5402673711444123,0.49058346919618595,0.5060535843917087,0.5173046980461483,0.5054029265326854,0.5168596596450821,0.504639078304273,0.5085952012383901,0.4929549211976437,0.5045859918793503,0.5348045641422868,0.5000469864080431,0.5244859448065938
0.5093281701498555,0.5273627785188479,0.5076349105391028,0.5372176752752515,0.4964106784706698,0.5185976503591911,0.5021995266876841,0.5187267801857585,0.5011976699517917,0.5049324084815674,0.5555752100339629,0.5059967250957991,0.5100582245646954
0.5084419729856864,0.4936638506002668,0.4995349966175443,0.5467511622144392,0.5038173938510931,0.511457900192961,0.5208744487146735,0.5040615325077399,0.5125909396628694,0.47705392820314524,0.4683515313114461,0.515281239325124,0.4585327749322341
0.533587292520664,0.49313769082555203,0.4928712217070501,0.5463970427791072,0.5105142378373168,0.5128126514993284,0.535935662089817,0.4916292569659443,0.5191804187846043,0.48523499935550396,0.42823839599594826,0.5048014296268581,0.4518697450897567
0.507217676903434,0.47923274541771654,0.5093771561750606,0.5270027626863518,0.5005303645375715,0.5373438059888822,0.5334975141277831,0.49713235294117647,0.5026031458010753,0.49956093709719,0.48028883393910504,0.4975835423178967,0.4644868363238075
0.47872076809354214,0.46015019020799364,0.5028967755420357,0.5000711937245969,0.48884202877596483,0.5236621591324992,0.5190644361660017,0.4988448142414861,0.5177801872481911,0.5085476282547048,0.5184673479115772,0.5020314597737251,0.46163185857989797
0.45973262885558763,0.5022405019514846,0.47802033069404404,0.5101807026173402,0.4943697426030348,0.5006869566383773,0.5098571641124832,0.4794233746130031,0.5405352607931238,0.49941793954627484,0.48197767085741516,0.5035741640246096,0.47507890988671364
0.45493204421745853,0.5619831036016008,0.47038025095349295,0.515069030175044,0.49498678352036596,0.493949607850276,0.5131361011529618,0.46861455108359135,0.486828252686727,0.4875128899200825,0.5151157421200023,0.5005273134411935,0.4722494040631958
0.499223002486392,0.5631564646015512,0.4782217048026376,0.5212758285285274,0.5001949291722739,0.5005489904515901,0.521987546776788,0.4423780959752322,0.4873343288787266,0.468878899200825,0.5497434159566228,0.5034114069823159,0.4580679123850845
0.5044918856259659,0.5325700311249444,0.4852545157469609,0.5060246533697748,0.5082616900040409,0.5068149547681688,0.5321759733642512,0.4626219040247678,0.5053275663372802,0.457022186774942,0.5104979741404992,0.5075529924335414,0.482102791934741
0.5041453867347625,0.5414851044908848,0.5070865256898075,0.4899468913306384,0.5054745513255406,0.5117089220050319,0.5311148105206716,0.46951238390092875,0.5283029010227722,0.47206915442124253,0.49500238336411845,0.5087905272301251,0.5005380943182759
0.49880090383710773,0.5354972580406105,0.5060194227125722,0.5099477049732053,0.49034956013034825,0.5087733081417296,0.5171793280986376,0.4955669504643963,0.5148748379179553,0.49050576823923697,0.5260121849490556,0.5017131147493338,0.4802857949467956
0.47494288018278347,0.5201225235907316,0.49741921998997624,0.5446227472271431,0.4889095014069156,0.520337557270339,0.4816065107112879,0.4972678018575851,0.5170971154968134,0.4894886729827275,0.525518754096407,0.5096045061999777,0.4996295958243031
0.46784910288287074,0.5082456400375476,0.5065637620998644,0.5305495046026281,0.5002644778841769,0.5413927303316746,0.5005432143127848,0.4918343653250774,0.4991864759659697,0.4938047821603506,0.4900811088601561,0.5072834745218382,0.5440972008482149
0.4805519622337208,0.5126599476310459,0.487504691612184,0.4859794592235631,0.5050418367384768,0.5217919508227192,0.5185563132170921,0.4755534055727555,0.5132228793637599,0.46670976733694247,0.45168660251444914,0.5007553670587884,0.5281072028222887
0.49457571735770445,0.5134603033446964,0.4873280397713865,0.4928704570082363,0.5052019915547993,0.5027947733809572,0.4903898790891967,0.5032565789473684,0.4788464084978846,0.48349687419438003,0.46328688255973316,0.503046366187457,0.5546128586499458
0.4819946576170956,0.5407539153203893,0.49632784424072296,0.5213470222531241,0.5021470384334485,0.47842457944265493,0.47896974562972155,0.49945433436532516,0.471499126166368,0.5067088005929363,0.46617484955014005,0.498898967984721,0.5297225471071328
0.48590484510449566,0.5386912701941604,0.4922158568625644,0.5060107844623856,0.5027873611157452,0.464110587563498,0.4907000867458515,0.47613003095975226,0.48290157342496903,0.48378286929621034,0.49383490734671986,0.49381765437263264,0.46427881564060813
0.484762448760164,0.5244800158094955,0.4847074793849998,0.5285523819386144,0.49960991921820724,0.5065888435176013,0.49681580964198385,0.4755417956656347,0.48285699676557003,0.4329341486207785,0.4666999344574867,0.49575213807532437,0.4376309415907639
0.500581698138566,0.5286102465293216,0.4866137909799682,0.5202643228829575,0.5118728845291188,0.49952574123291954,0.4864133257348834,0.49827592879256966,0.49679244714060394,0.42365139211136893,0.4807897128046238,0.48994655562502865,0.43535757269579944
0.5116717626503595,0.5233758213526999,0.4947213463297547,0.4997827204509059,0.5090052235679676,0.4746899114142109,0.5107000586727604,0.5185119969040248,0.4927399043699548,0.44677470030935806,0.4964435738544956,0.48445524927306693,0.46950692730101656
0.49965980108863656,0.5250037053505262,0.47741261240203803,0.47304069322346687,0.49878200779271814,0.4934169050735149,0.5192391911580992,0.49761029411764707,0.48652932685311073,0.49131340229440573,0.5053718792826074,0.487087069398634,0.49202835024739605
0.4863038438276997,0.4970134874759152,0.4997116484583419,0.44441619296642987,0.5047809919959665,0.5053299020631693,0.5305708943806093,0.5007082043343654,0.5060355485747924,0.4629253673627224,0.5112092593696003,0.49254194917446337,0.5006781898804306
0.484859048451045,0.4970011363074947,0.49470561397752066,0.4590090573211188,0.5125771208464479,0.49800619698122317,0.5252117412896217,0.5393401702786378,0.46724598842842363,0.4286704047434905,0.5229231216111542,0.4996528818556318,0.5244625955462348
0.4998551004636785,0.5422187638950645,0.5013379241835471,0.47121462041725065,0.5164048209565543,0.5112835262624384,0.5166171644493603,0.5290557275541796,0.4720222463751965,0.4430487077855117,0.5125294196508372,0.4980720072031617,0.4628141802180821
0.48222355688461793,0.5489526209179388,0.49359535940558674,0.49169807203695415,0.5150697526127108,0.532319537353387,0.5148232939280711,0.515655959752322,0.47187016130195314,0.48063289507605056,0.519398349520348,0.5054071183342514,0.44029912525180054
0.43949919360258044,0.5658514895509115,0.4847776007263852,0.4892996756524858,0.5020103136735882,0.5159839575983919,0.5157026835067783,0.5078386222910217,0.45459539470665283,0.4808423562773911,0.5185716200917596,0.5007927624268392,0.45685162818637803
0.4241356427659431,0.5759670964873277,0.48864641088858574,0.4903703553029154,0.4909815784888355,0.5134105049754056,0.49156052698806607,0.507171052631579,0.4798965821501945,0.47683439675174016,0.5128515462074718,0.4968201342861854,0.47612750394284103
0.4477815670989852,0.5704189516328245,0.4929453885104384,0.4823411825185196,0.49314277876020896,0.49656330061107523,0.4902965360612891,0.5136280959752322,0.491259697062267,0.49754890113431294,0.48121238753500567,0.4861748549282542,0.5148342096381502
0.46176122236408845,0.5372363025542216,0.488732714077983,0.5023438453487383,0.4940599616666481,0.4756422613424493,0.5084177163663314,0.5094891640866873,0.47472831181635466,0.5099856599639082,0.4636592832032414,0.48122975345989505,0.5343074927776492
0.49504191586586926,0.5423027518403241,0.501086656043583,0.5228254477807899,0.4937586333455674,0.4847020409414659,0.4904284795894591,0.4863602941176471,0.5075498439161381,0.47488076823923697,0.4588199368408508,0.48468310913227824,0.5367464291551601
0.5014846952489751,0.5184699372560644,0.5091618476973454,0.5230649175817064,0.4985085582729972,0.4666610458220197,0.4712889479047649,0.47538893188854486,0.5489340278551678,0.4535680910028358,0.4835156855151046,0.49457893106212336,0.5278949368190241
0.4894580337342921,0.5379353786868238,0.5066298379792469,0.529881023266479,0.5029484056810472,0.4838799924118597,0.49898024496579296,0.48487422600619196,0.5466684846951284,0.4865401037638567,0.5254442739677054,0.5004222963972371,0.47639708176698714
0.4759319770176736,0.5587100439701596,0.5031345588086564,0.5205962520664672,0.5005078242300891,0.4874383703127425,0.5050208723432329,0.5090383126934984,0.5202358367497847,0.5067490815931942,0.5163800423047131,0.49996115144407155,0.46792130025662965
0.45462124521201536,0.5721975198853811,0.5045567634505993,0.5095538280033581,0.5004421310970976,0.48960750536056113,0.49415448060570505,0.5046207430340557,0.5105784345988298,0.4994521783964939,0.5043552255258297,0.5141338021769529,0.4973074057485879
0.4712678919427458,0.5496591077515932,0.49879782354144236,0.5223825673381683,0.49755267128594677,0.4755330381112429,0.49530688099535947,0.4672078173374613,0.5106400552750576,0.46705014178912085,0.5099784752428053,0.5111570921284301,0.4666073736964214
0.4917890262751159,0.5237661182747888,0.5030379172163625,0.5106106387463987,0.5003740653001605,0.4907725531600964,0.5094079946548834,0.4802670278637771,0.503882758141468,0.4685425528486724,0.5006200470714414,0.5130435237519683,0.4549624607573227
0.5124844600497278,0.536640976236352,0.5025367294237689,0.4920226044698564,0.49713656534650164,0.4991597475985261,0.5143095563609413,0.4864609133126935,0.46244613107373367,0.5189340841711781,0.48439641303700176,0.521051751507973,0.4431158951151225
0.502244892816343,0.5557803468208093,0.4904960860155121,0.49919282958996114,0.4956276993686489,0.5236736563147315,0.5053668731910402,0.486046826625387,0.44793380628294904,0.521407337587007,0.47645496931418696,0.5134217401169178,0.4558391193508057
0.4722401888313958,0.5273775999209525,0.5015963842559609,0.49200411259333776,0.5035555110681066,0.5183485447441589,0.5190637343387243,0.5015267027863777,0.42737609983073976,0.5094076276102089,0.47477916641839957,0.5025718519058172,0.4516022899256432
0.4809257610375647,0.48245640037547555,0.49810649903470783,0.48842870826845763,0.5141878630824612,0.5279352785288205,0.5098031234121158,0.5305108359133127,0.4197220251963012,0.5125555877803558,0.4709173717452184,0.5021436458778776,0.48080372399476123
0.5075767757543176,0.47489007460105725,0.5098972227903349,0.4990328748580748,0.5154085986824299,0.5285829531279043,0.5005060174670772,0.5275928792569659,0.4406547000187484,0.4959316189739624,0.5016292528153488,0.5138100319178185,0.48405776182480836
0.5022469928096229,0.47480608665579765,0.522080356360253,0.5043945944546561,0.5103435543247361,0.5359334849683923,0.4852707509271138,0.5141815015479876,0.48503207552859395,0.45632331142046917,0.5441909223619138,0.5056737298701993,0.5144924613728941
0.4790798669444258,0.4996862803221184,0.513220794573687,0.5012213884440566,0.5077698071098358,0.5135408063740378,0.4967477323960664,0.5171575077399381,0.5185825671173717,0.44690561356019587,0.5332125513912889,0.5021864664806716,0.5382917256589267
0.49447911766682345,0.5192208882960327,0.504081196917358,0.48594340006435177,0.5134099258913246,0.48491857120684,0.5245092121848445,0.5184133126934984,0.5461492977209528,0.4768807199020366,0.4987952839182506,0.5145656896141826,0.503040710496766
0.5273440124991601,0.5179561286497703,0.503903196589226,0.48843702961289104,0.5177443380452957,0.47245945806115347,0.5366192418581017,0.5239667182662539,0.5512048153280777,0.4629978731631864,0.47692978013466003,0.5244022214786206,0.48227048207732004
0.5195845373294805,0.5213526999654168,0.5005328772449505,0.4736832859324899,0.5121963082831923,0.48262488335150533,0.5092023592625761,0.5469504643962848,0.524171693559066,0.43611030549110597,0.48362926771137466,0.503369167654673,0.4946583260278451
0.5001532995094415,0.5497752087347463,0.5053159618198286,0.48259082285152133,0.500050344963094,0.5016450551577317,0.4705106214540177,0.5598393962848297,0.5099517392108096,0.472536414024233,0.47867633915271407,0.49643862402871347,0.5207564311292339
0.5108359653249109,0.5754137641420878,0.5160512694884513,0.48388432961400063,0.5009257096674934,0.5125137247612898,0.4609945453983993,0.597312306501548,0.4797261419819045,0.46792423949471507,0.4664206339748555,0.5118515221755502,0.5280053151407218
0.5061193804179827,0.565214169260412,0.4808930582119508,0.46967794547855124,0.48830892084570643,0.5009839671793771,0.4746331548820509,0.5869543343653251,0.43210253680524324,0.460224526295437,0.46582665494845976,0.5106701773102345,0.48566037014945646
0.5304415025871917,0.5513932117978361,0.47118170192586467,0.47472530317431555,0.487137418022607,0.5062688386121368,0.49398744571366016,0.5573626160990712,0.4486312998947204,0.42977007605052847,0.48275226419591255,0.50769075464434,0.4741088542517942
0.5150275519118339,0.5259992095252211,0.47452460202767544,0.48541915536504815,0.4956982861210281,0.5042529993274149,0.4950577323118471,0.5380843653250773,0.4910341916088372,0.4148238109048724,0.514788029553715,0.5104521991285911,0.479286022071419
0.5096326691754587,0.5189565732918334,0.4849511060967359,0.5111644704481322,0.49883420639951953,0.511636106517561,0.4939242812586851,0.5666660216718267,0.5254368840390649,0.4157623582108791,0.513034022522791,0.5095748611672741,0.4966557491185654
0.5101513675156241,0.5467145892001383,0.5066109591565662,0.528078989899737,0.4972664686975187,0.49165591999494124,0.47772610769399204,0.5556695046439629,0.5254617945251996,0.4458764340036092,0.5169591253053685,0.513938106209433,0.5144712347725676
0.5135239567233385,0.5327256558470431,0.5135637598523856,0.491782210075114,0.5051557246078617,0.473128210827663,0.46753557562469644,0.5308359133126935,0.5293032537028126,0.46770067994328435,0.4840538044449741,0.5072580921735758,0.5332164455208689
0.5185261407163497,0.5076774862902032,0.4995084763666357,0.49459759827507777,0.5097674418604651,0.4729308425326759,0.47749871565608215,0.5053173374613003,0.5330188493715347,0.4699544019077081,0.4811025293451707,0.5017756987072635,0.5753300205685756
0.505371782810295,0.5232646608369151,0.5007890898384737,0.5083934627518132,0.5135967731770341,0.5123450994218833,0.5049170019061628,0.5167917956656347,0.5377452863460381,0.44177784222737815,0.4751701870940833,0.4974306669531707,0.5643749721400871
0.5181775418318662,0.5191591324539302,0.5027556338677089,0.4835006231762387,0.5097487571318942,0.5088212130676973,0.5037267028435234,0.5429121517027864,0.5260609572706498,0.4466901102088167,0.48312466483942085,0.494858524409778,0.5601996998558714
0.5315166991465626,0.48843189565732925,0.5029965636047764,0.4592910584380282,0.5128702931352159,0.5063876428285368,0.49098783592962636,0.5484423374613003,0.48785220477468466,0.47326751417891205,0.513581451468748,0.5125023565863416,0.5653068198944189
0.4924127242792823,0.5108937305469098,0.495740353258732,0.5090526981497029,0.4959471192523143,0.5014591840449769,0.4973281435545587,0.5142376160990711,0.5045448526413637,0.49158127094612014,0.508598730858607,0.5247277355632082,0.5126690964048507
0.48391195148175525,0.5268094461736079,0.48975936243518836,0.5447290755171253,0.5019545560708685,0.4564515479997777,0.49932484215904527,0.5146284829721361,0.5180922238639836,0.5045336265790152,0.479301972233808,0.5268216824156711,0.4859978730946473
0.5404710704925744,0.4959241144212243,0.49606488921052805,0.524529474201983,0.5145812804229274,0.4515326702014114,0.47587679281778034,0.5465054179566563,0.49997312289653884,0.4986002352410415,0.49051495560984326,0.5290791613439625,0.48663042578437593
0.5347128889187556,0.5055950792945013,0.5019384505431033,0.49584025237713075,0.5131932720147995,0.5028484268980411,0.4800021335549236,0.5589473684210526,0.5001304522826527,0.5165494489559164,0.5009458976345111,0.5274903425977613,0.4776133659656936
0.5057455816141387,0.5087890914480511,0.5046062079861915,0.4903953193362156,0.5015228795242809,0.5202034234776294,0.4827820714010999,0.5347619969040248,0.5026804994159146,0.5005820604537252,0.4979741404993148,0.5149146484631957,0.5024442430275924
0.5020285935085007,0.49777925991798827,0.5104141429351625,0.5098312061511379,0.5033050467303579,0.5035612521964409,0.48461594607720665,0.4995994582043344,0.5005814631895125,0.46468967517401394,0.4996983554787583,0.5087657261570137,0.5167743209079891
0.4904030307103017,0.5201472259275728,0.5133052997799717,0.5089084615128574,0.5043453115789707,0.4903931461464319,0.5012752201632169,0.5050212848297213,0.4824584289874149,0.5167206432070122,0.5020854436036466,0.5097943894159871,0.5149106253993254
0.474222582487736,0.5150980682772591,0.5039157824710131,0.5024048685412498,0.4940515090513422,0.4912899263605478,0.5126413129223246,0.5285178018575851,0.5140593472665986,0.49308576630574885,0.49181835786212236,0.5165769016368127,0.509412935914771
0.4821416571466971,0.527874116891458,0.4919897604861747,0.4866534881226676,0.5053376782741835,0.4797486715964029,0.511451013859685,0.5268788699690402,0.5239383216363305,0.47532587329208553,0.47909715187987845,0.5190632092162338,0.48023485110601205
0.4929188226597675,0.538100884343659,0.4877033687461091,0.4718211539670623,0.5022673028371871,0.4952851971862562,0.5122117946284948,0.515609520123839,0.4852562699038062,0.4366440287445218,0.47242559435142706,0.5099160696809399,0.49512106591496197
0.4780676701834554,0.5186502643150043,0.4931022625369991,0.47216417827648316,0.49839511527810226,0.49830895611333925,0.4788076235286191,0.4877147832817337,0.45161400283979536,0.44957221577726214,0.4924160608949532,0.4991421347562432,0.4995935106037482
0.4590459310530206,0.5067807914628724,0.4979729987886088,0.4916721834098281,0.5051143512803118,0.49982850036503557,0.47998318421843106,0.4699206656346749,0.4621275390668532,0.4816217936323795,0.5071910564261455,0.49849769437211333,0.47415555277251237
0.4678176029836704,0.4974778914085273,0.4906250913038299,0.5329774879895263,0.499430634798824,0.4942523669823921,0.5157054908158882,0.47881191950464397,0.5179401387907401,0.49872309229182776,0.4935723648930465,0.5070757655345299,0.4537143366581265
0.4657869094818896,0.508094955782817,0.5046763293275768,0.5114205829379154,0.49914265271243685,0.5336244675367479,0.501120818162167,0.47488777089783285,0.5569892924241967,0.5064711426914154,0.5330189030566644,0.5151442521478601,0.446085496500795
0.48358435253007187,0.5074008201175831,0.5336180139928036,0.5128250409595065,0.4939047004697133,0.5207322938603131,0.4901758217695592,0.486828560371517,0.5789131423791611,0.45125797563805103,0.5351304147053566,0.5134066269629904,0.46627836139136114
0.5196601370875614,0.5124203349636876,0.5302013965833826,0.5069982506684814,0.49823866774919456,0.5179308137897204,0.5,0.49256965944272446,0.5370727032204015,0.45358017530291306,0.511806962402431,0.500105113923148,0.4202909317840746
0.5445135575566158,0.5092633763153993,0.5209480764951915,0.508068930318911,0.5074874601003192,0.5257067413728019,0.48588204248581607,0.48828366873065016,0.5438706437787371,0.4894826308326888,0.4663666358815468,0.5025885151268139,0.46604274612773744
0.5401497715207311,0.5293611975692901,0.503214119561382,0.5119448276372189,0.5044685418126411,0.5087560623683812,0.46676567110127926,0.48248839009287925,0.5294815603404084,0.44990251997937614,0.45301234880533875,0.5011428838261546,0.5020473056014875
0.4963061118204422,0.5228768341485105,0.5197578116747539,0.5245322479834609,0.4990932716440708,0.49619730697668174,0.4760754099373128,0.4785893962848298,0.5210998372951932,0.43473269528228925,0.48204842697968175,0.504483665877618,0.46924371745696836
0.4752767791143068,0.4892273109036115,0.5097268638904309,0.497665400589521,0.49980210499779415,0.5142153077316635,0.4902684629701892,0.455655959752322,0.5246043493708792,0.42451743361691163,0.4970561729130668,0.5309557112899329,0.45889999511788193
0.502051693434581,0.45557037695766023,0.5085613213377893,0.46994330390659383,0.5024121836293602,0.5213838008534741,0.5091679697259786,0.45438660990712076,0.4594083628435189,0.43043672660479504,0.4657279687779301,0.5144354839803476,0.4737777192867013
0.4924967240104831,0.4714169260412035,0.5149837170154379,0.4749046743765464,0.5058154734762121,0.5103484221075485,0.5120208976090148,0.46560371517027865,0.4432689899846735,0.47548296919309097,0.4683459453017934,0.513701527222956,0.4783117211164343
0.4951007156777098,0.47637715527888935,0.5039688229728303,0.4996421821893642,0.5060687553523963,0.46472568681292353,0.5017924668667342,0.4690189628482972,0.49600186697538184,0.4574350670275844,0.4825325478162426,0.5099069630369069,0.4710649597649791
0.5063167797863047,0.4628822686626155,0.49544548402829125,0.5220145789954472,0.4968809108063721,0.4628458975179499,0.5086549339861263,0.48187113003095977,0.5195042551043553,0.4532398008507347,0.5016069087767383,0.4957091237141467,0.489963002035631
0.5011591962905718,0.45376710636826245,0.5148358329044395,0.5166001575507879,0.5128268437267136,0.508177370862691,0.5132645355447443,0.5048316563467492,0.5184567036084806,0.4315243136117556,0.5036420782935113,0.49985574688334794,0.524887127552764
0.5281210100127679,0.46522157996146435,0.5275035229231609,0.5126771059473573,0.5154315838644022,0.5246336710311248,0.5216962884566256,0.5003308823529411,0.5218733734435863,0.46240171435937094,0.4962462015134361,0.49885285348940445,0.5618086761606175
0.49659171090652515,0.48241687663652977,0.5262413387782255,0.5186000539962794,0.5090546046363336,0.49654797103476556,0.5179295814582847,0.48380030959752324,0.5375237141272611,0.4869106889662284,0.4857891914437228,0.5028824465948611,0.5411551940429669
0.4676538035078288,0.505637073267131,0.5053294466931719,0.4722252014689946,0.5087153136921246,0.48487641487198846,0.5065382229171871,0.46246517027863776,0.5368576863927126,0.4875571990203661,0.47524839122922,0.5016937389109655,0.5084152856994271
0.4706798938243397,0.5031421372461835,0.5089415947660711,0.467142709207845,0.5121405506804726,0.5003841975062612,0.5081748841283165,0.46069659442724453,0.5219205722594205,0.4614913637535447,0.4922801346600727,0.5000985261381028,0.48361837119805057
0.45871833210133733,0.4978879502000889,0.5294044405687919,0.4746670537632818,0.5143521700606883,0.5019535628809639,0.5080703118639691,0.49571013931888547,0.5295104040611959,0.48026633797370455,0.5215359292140858,0.5040634039434093,0.5136433973598354
0.45754443585780524,0.49816214613902476,0.5199335645239952,0.47151141503537497,0.5120566176933999,0.5138799732498893,0.49275293153253813,0.5144678792569659,0.518278396970885,0.47120109886568706,0.5467418667699457,0.5181509947458539,0.5346195238024483
0.48943283381493174,0.4847265451311694,0.5166257250928771,0.47150494287859346,0.5101749468931078,0.5009533080267577,0.5027055441547613,0.47479102167182663,0.5045317418591876,0.4486437387213199,0.5614051421080856,0.5184542266163179,0.5480623297891987
0.5094016699146563,0.4896052566572798,0.5178856617589219,0.46925817988157803,0.5117677458580331,0.5003018010335967,0.5156023222060958,0.4696458978328173,0.5031721537475204,0.43918575986078884,0.5697171244711912,0.5094989078808705,0.5353603321538419
0.5166718466500907,0.49940467368213026,0.5089460897238522,0.4795405878197708,0.5156833828256203,0.48358489806789856,0.5067319272457771,0.46207043343653253,0.5106518549790162,0.4775091035060582,0.5645333075135553,0.4900974934059178,0.4523919194577877
0.479877864390834,0.5141791413467715,0.5116462108629645,0.482444737027024,0.5166561750432825,0.5209009191997195,0.5115808519060225,0.46602167182662535,0.5124283659638851,0.5153712296983759,0.5263827235893463,0.4895472195962579,0.44075549715881956
0.4676706034540689,0.5224988883948423,0.5136738863180228,0.4835163412712795,0.5080767705077872,0.5011736706862093,0.5014289203369894,0.4912616099071207,0.49479960824982855,0.4942055781129157,0.5144919710421261,0.5031118565211419,0.42003408992012436
0.4959176130636382,0.5397806432488513,0.5090674535839422,0.48312708727056203,0.5056395997612506,0.5214067952179386,0.5025146471352815,0.4991311919504644,0.4851395839424384,0.5089605085073472,0.48050855031877493,0.5122029998835512,0.42868605221319145
0.5044204858544452,0.5352156514006225,0.5093038883632286,0.4912200570289472,0.5125179525393065,0.5497875895582591,0.495327233986407,0.49074690402476784,0.5131769916261434,0.4883769173756123,0.45519647857951495,0.5136662631971257,0.45896155225882873
0.5099812680599423,0.5428091497455659,0.4935400714248791,0.47257377334137113,0.5124796933331851,0.5380930390310175,0.5076351789519192,0.5039454334365324,0.5575019240072844,0.4773137406548079,0.4957695286897456,0.5083146566397995,0.5133441022952323
0.4908608292453464,0.5442665876191888,0.4750797293136424,0.47628139458335955,0.5163711587868273,0.5165664814981595,0.49798365023174335,0.5064434984520123,0.5485407043898832,0.4654368877287961,0.5198303342668176,0.5151380518795823,0.5144160456117188
0.4657596095692494,0.5529296971493504,0.4765877876492045,0.49733162221835947,0.5191661569146471,0.48363280299386624,0.4888732303425197,0.4868324303405573,0.5589309992644851,0.4834505510440835,0.5496707978311387,0.5207169370209688,0.4964923042960516
0.4745438814595793,0.5309248554913295,0.501759101727637,0.529622136995218,0.5179402311122975,0.4922691030473282,0.47925328384983146,0.49539086687306505,0.5741001742422951,0.4862621648620779,0.5622895936364178,0.5139879021140397,0.474866643883449
0.4964636113164438,0.5315053604070945,0.5024418858145875,0.5107530261955923,0.5157348399749387,0.49785673361220384,0.4889574496158198,0.5065189628482972,0.5628996330292069,0.4922257669502449,0.560416418399571,0.49054895043989943,0.4763121753656814
0.5125768597540488,0.5301492021145201,0.49930575377070774,0.49492675367710964,0.5121361019355748,0.5349562244786508,0.5030655815481186,0.47950077399380797,0.5366911794590754,0.46740058649136373,0.5538565810641721,0.48713182758526485,0.49121112613482704
0.5125663597876486,0.5135146484857468,0.5115724935553543,0.49435165631737976,0.5162064069341105,0.5177123673273075,0.5064743566349347,0.4609868421052632,0.5090457841624374,0.44974139597834495,0.5161435678960853,0.4991132647570744,0.4906974424069267
0.4931309219810497,0.48138431895657324,0.5014961466974421,0.46849169159988013,0.5204207029758395,0.49771493503133934,0.514911724165036,0.4620239938080496,0.48840941301717117,0.4613967034029388,0.5006814931776202,0.496783707710053,0.5129153249686376
0.47008559572609365,0.5199446667654761,0.4990868493267677,0.4662051710683497,0.5115884614386499,0.49132250171020586,0.514858385291946,0.48186339009287926,0.4863064435561161,0.4886327017272493,0.5020314455103378,0.5035237868448521,0.5106780412942282
0.497366608426853,0.5275035818388419,0.50194159701355,0.48864598781755175,0.49782745542913703,0.5265038793409048,0.5004940864033598,0.4971787925696594,0.49257077527988247,0.45980560389275593,0.47618311684442594,0.501474016903869,0.48490470317783435
0.49847330488542435,0.5289585494787807,0.5035377565216219,0.4716602746413501,0.4991285650202603,0.5329882901198965,0.5017882559030692,0.5025522445820433,0.4927123717273849,0.442567349832431,0.4639665137341357,0.4962987304756943,0.5221340374904215
0.46501621194812176,0.5111728669532138,0.5108694821583888,0.4348605157754198,0.49214759452656087,0.5308593952098907,0.5016106936018617,0.4916389318885449,0.5259495156221524,0.45999291054395464,0.4369358130250849,0.4931079174132016,0.5216182311024884
0.4639242154425106,0.4943925695370782,0.5085037858781911,0.44600464515938154,0.49116857406604164,0.5352934751574635,0.5251471731800916,0.489655572755418,0.5330739146566745,0.49947231889662286,0.422805070607162,0.4988964491257331,0.4858535322124274
0.514548753443989,0.5054616866755595,0.5042394194312529,0.4657354774047761,0.4947440303404402,0.48565247467266565,0.5169940456973777,0.48451818885448916,0.5159538552910528,0.46786180394431554,0.43760241017696483,0.5122886410891392,0.4843973874300318
0.5477958470532894,0.5461242033496368,0.4989092984944139,0.48425509173819936,0.49933780432195574,0.47766001682421,0.4862308506427334,0.4711493808049535,0.5179820932937038,0.4607522073988141,0.474708410296133,0.5076215829013652,0.4846330026936556
0.5485749445601774,0.5395706733857023,0.5017123541667134,0.4750248715739176,0.5011665350579635,0.5014112791190093,0.4703899071622878,0.46452012383900926,0.49276874809074234,0.45786405968033,0.5026012184949056,0.4953611336570519,0.4559898282131235
0.5489907432296216,0.5292302751840324,0.5163101790566432,0.4896454737433845,0.5091143661094614,0.4477903373848126,0.483869201853947,0.45369195046439625,0.4782498679088696,0.4579224671307038,0.5133691831019483,0.49346172022180684,0.4665988830562908
0.5084734728848868,0.535479966404822,0.5249283616103636,0.49695531253120506,0.5035236283963387,0.4536807270818044,0.5109520146653828,0.45942530959752326,0.4741094828976402,0.4631187161639598,0.5209978102842161,0.49214532576306413,0.5184469770137144
0.4598418285061488,0.5350822587816808,0.5122377473069584,0.4948185761994756,0.4906956724834006,0.47070613777073467,0.5293700679088074,0.4692395510835914,0.5065390026103568,0.45570298401649917,0.4984042632425669,0.5023643366768926,0.4659535944063663
0.4840295511054365,0.5437651301813151,0.5113540386071924,0.4865221957993854,0.4898809590011085,0.5129908578239283,0.5313464135222465,0.47399767801857584,0.5146414659952198,0.45533239881412735,0.4964063337901448,0.49632043141466675,0.46981471300575034
0.5408700692157785,0.5530976730398696,0.49953904207954725,0.49049425087559034,0.4953170286832827,0.5032086719413185,0.503511241869331,0.4944814241486068,0.5279554652951041,0.4699181490074762,0.4940322796877793,0.49032825964088433,0.4774881290237674
0.5105902661111484,0.5318363717207648,0.4907828643219469,0.5091007770286513,0.502441545345686,0.49282863258263115,0.4709064520385275,0.4885294117647059,0.5213646750951515,0.4630159996133024,0.4877405708157064,0.49004556615909073,0.497054809204703
0.5161426483435253,0.5125586680499975,0.4936560413356318,0.5127298077954354,0.5083003940846522,0.4930758220006247,0.47022778506118534,0.47419891640866874,0.5056527137352487,0.5073714230471771,0.4662996037657153,0.5006451185384728,0.5124462171014228
0.5112055641421948,0.5169927375129688,0.5109031943417471,0.5130321499765153,0.5056593225302978,0.545420576507041,0.49315156942615795,0.4992801857585139,0.4855381517205935,0.5307787122969838,0.4785329649049634,0.5088916691064076,0.5147110953562566
0.5025955916941065,0.5068524282397114,0.5149297775220647,0.5114409240020859,0.49438531321017726,0.5633810913508613,0.5173021478722001,0.4879914860681114,0.49352261806587117,0.5278321571281258,0.47842869272478106,0.4947847024655948,0.46840526674407307
0.5155882501175997,0.5160515784793241,0.5137543460623046,0.5046701234147839,0.49160885151943173,0.5479078002632854,0.5108495478828678,0.4528095975232198,0.5124532764500197,0.49689433488012374,0.44089256986236075,0.48924689410154915,0.47527631726974967
0.5037400880317183,0.5176992243466232,0.4980183978621981,0.49690353527695286,0.4968450242641961,0.5029538177351701,0.512940993169817,0.43359907120743035,0.5204757640636083,0.4754306038927559,0.46282138175534765,0.4949850486343231,0.45940306554561916
0.44434597809287013,0.5276839088977817,0.4880665613348226,0.49743610132068977,0.5014579278487723,0.49235341571703134,0.513844244875959,0.4247407120743034,0.5109429143433268,0.47741444315545245,0.5108107906810463,0.4903827057466993,0.4696406548830733
0.45754233586452525,0.5335284817943777,0.4869927159209157,0.4927576565614725,0.49989004185527486,0.4927462361099667,0.5130757440070969,0.43795665634674924,0.4734972093700138,0.4695254092549626,0.5101739855806471,0.5081600374496203,0.5032890617205859
0.5152081513339157,0.5275826293167334,0.499132697896135,0.4909815118218567,0.4985033680706164,0.4959482013616496,0.49882303565563296,0.46156540247678013,0.48352171342190103,0.44617249935550407,0.4865842668176131,0.5356132753169064,0.4920432088676245
0.5093176701834554,0.4879230275184032,0.5082862299215855,0.4851963282529985,0.5005475663511765,0.46621457191200055,0.4944920595261824,0.4908243034055728,0.5103188411117419,0.44755010956432073,0.4699081660013108,0.5131692729429786,0.44854778213866486
0.5078854747664807,0.48540338916061454,0.5099839754755103,0.477025692613235,0.5021105587252863,0.48621392040500744,0.4740394090052862,0.5114938080495356,0.49621557272485317,0.46571482663057484,0.47107564201870944,0.4836732404365221,0.4223138267951867
0.4966001108796452,0.5002741959389359,0.5124094546941969,0.480929327746321,0.5034339120408988,0.49018811306329013,0.5033701745865535,0.5117685758513932,0.4653960570633684,0.4344708687806136,0.4815047220401597,0.4832987054808628,0.4405432311555549
0.49065292991062426,0.48375080282594735,0.5010160852064196,0.5017077247964968,0.4927630042374295,0.492144550239812,0.501094148725622,0.5068459752321982,0.42837120819790986,0.4798574858210879,0.4786782011559316,0.49343440028970753,0.45622756613677995
0.46889909952288145,0.5043229089471863,0.49893761672843484,0.4993490859465437,0.4803168989282232,0.5046132443706921,0.49861108381782804,0.5095356037151703,0.467994614090682,0.5422990783707142,0.48390298218435324,0.49603870672479156,0.4687130524488068
0.49542201464955316,0.5281606639988142,0.4949393517821384,0.4859526460026111,0.47912745283403585,0.49044105107239966,0.5078562545443316,0.5270336687306502,0.4529499915435455,0.5461318155452436,0.4659812012155157,0.49819000605882463,0.4858386735921988
0.47728017270344736,0.5122029543994862,0.5086813367105449,0.5046756709777395,0.4846486418352556,0.4793903427501643,0.5024662210531339,0.5265092879256966,0.4489616916055595,0.5113310453725187,0.4673292915450158,0.4980427496872255,0.47163170999369575
0.49639431153820307,0.49225334716664204,0.4993493548611845,0.5020452015429622,0.49150386113984257,0.4690352139529803,0.5103716035068906,0.5229721362229103,0.4511865913408528,0.4696402101056974,0.4810522552582971,0.4957949586781183,0.4729583725140997
0.4750394798736644,0.4693493404476063,0.5064014941239665,0.5126419713819719,0.49598834428836763,0.4494880879611089,0.5241098724639471,0.5067143962848297,0.47338183448686366,0.4973052010827532,0.47619428886373116,0.496335544568594,0.47520414682863976
0.4578027350312479,0.4799935773924213,0.5032231094769443,0.5181886097437396,0.49003399582559437,0.44667894310236134,0.5288928253601076,0.5235429566563468,0.516699858796876,0.49103344934261406,0.4630820622058035,0.48438607753009216,0.4739984759300966
0.469921796250252,0.4771132849167532,0.4781133763201129,0.491208961903036,0.49164977997249193,0.4340703665876554,0.5224100467978429,0.5190924922600619,0.48228012234981926,0.49429621036349575,0.4948962491807186,0.4798215175272865,0.4736227651043181
0.48431725018479943,0.5019218418062348,0.4940358652681355,0.4832842682209706,0.5021322092837891,0.4612707835521311,0.5271452754391334,0.47962654798761606,0.475136057142033,0.5211173143851509,0.5108256867067866,0.476546225809508,0.5152544963246142
0.492965022511928,0.5327602391186206,0.4959215000573107,0.4907272485197253,0.5018513451892385,0.47974483920232547,0.5316243371241364,0.4757256191950464,0.5052489016442232,0.4762543503480279,0.502035169516773,0.48050432207138566,0.5340485282536664
0.4438062798199046,0.502368954103058,0.4963957181032177,0.4791633535387904,0.5006395070790653,0.4898949349163676,0.5044580068666781,0.5045665634674923,0.5159066564752186,0.40295904227893786,0.4913509950545194,0.4826112507355552,0.48966370697102785
0.4508895571534171,0.5174052665382145,0.5036388930716968,0.48432073789984065,0.49836041506789897,0.49582556475117223,0.48572834231204365,0.5257023993808049,0.5035825212296341,0.4364587361433359,0.49264881129714594,0.49007462991664325,0.4576582389987837
0.4581450339358914,0.5044315992292872,0.5036658628183834,0.5240348165051093,0.501384078683468,0.5106109411018517,0.5199845317268039,0.5531501547987616,0.5085488855179611,0.46642377223511206,0.5034000178752308,0.48008018496950333,0.4646566491264193
0.5038975875277198,0.5179264858455609,0.49855329783815006,0.5361451464371703,0.5091631540118411,0.5219797381325126,0.5346506163447151,0.5472755417956656,0.5016355700764752,0.47403083913379745,0.5124698355478758,0.4856522885674609,0.4750874005268442
0.5522121329211747,0.5225458228348401,0.48983712520480155,0.5300252599033245,0.5213844494122095,0.5185133376894879,0.5066491116270322,0.5106946594427244,0.4993883820114824,0.5113048627223511,0.5002941965083715,0.4998572969504174,0.47615722118329806
0.533009794368658,0.5145274442962304,0.47950861121536914,0.493407646021103,0.5229594533975435,0.5242830069730411,0.4924778152397582,0.5022368421052632,0.4899446856099988,0.498737190641918,0.48193670678662937,0.5007933437019904,0.4602712334989716
0.4721141892345945,0.5175361889234722,0.46960217376158286,0.4840211695002386,0.5082431535669666,0.5191303531359522,0.4831028064669172,0.5433958978328173,0.48106475284208977,0.5137237367878319,0.4989610022046118,0.5030331906173665,0.4855627277879548
0.4955816141388347,0.5188058890371029,0.4783947606772103,0.5039193532281269,0.5110887190951253,0.5068360329355948,0.4841934460561517,0.5416099071207431,0.49612510832783774,0.5194275264243361,0.49599296907585055,0.5065276230670906,0.4985215672872618
0.4806191620186816,0.5207178499086014,0.4864236542658273,0.5086588211798557,0.49521248317818334,0.4792792033219192,0.46912731989006584,0.505563080495356,0.46874586190937567,0.5261604956174272,0.45883297086337366,0.4848751236905082,0.4559643562927318
0.48388045158255494,0.5313299738155229,0.4814684128079327,0.5024473998572427,0.48711814012804966,0.5129621148683478,0.4715970500795872,0.5169794891640866,0.45722672868940684,0.515057037896365,0.46306158017041044,0.46760369512738353,0.45784291042162395
0.5010898965123312,0.5534509164566968,0.4758303872630877,0.5169783164255942,0.5041624681636693,0.5200827030641906,0.4890472835073397,0.5425657894736843,0.47202355745341407,0.473946249033256,0.4911405886909373,0.472410453109793,0.49770009785462754
0.5077783751091997,0.549258929894768,0.47951939911404384,0.5389420427606153,0.5075091106588221,0.5178771602726365,0.4833596752504821,0.5280708204334366,0.4782262685009525,0.4537090745037381,0.514963057856164,0.475439671680294,0.5399643817646522
0.526464115314831,0.5136999160120548,0.5015055861087825,0.5442094537869514,0.5038664783364659,0.5095685299127939,0.4690936321807458,0.5300890092879257,0.4903511198574596,0.4556042955658675,0.5240701155931597,0.48528356636331205,0.5247894851912622
0.5095633693972179,0.4935156365792204,0.5180695055321692,0.5276176175805969,0.5139212349715836,0.5318845606256,0.5060167652500049,0.5165363777089783,0.4608610375086368,0.47532587329208564,0.4805513763927784,0.4918120613431292,0.47725251376014366
0.49695290975068884,0.5354503236006126,0.5066244440299095,0.5189837604340414,0.5038363751626572,0.5652723778280673,0.5116903369613125,0.5173297213622291,0.5067146870915171,0.48698520881670526,0.47113522612167075,0.49187038261661786,0.4827650618649267
0.4902119313218197,0.5497875599031669,0.5177912676455186,0.5025990332446956,0.5031359944242397,0.5460644187120474,0.4912790942497888,0.5234404024767801,0.5460208120556265,0.4918491395978345,0.5151511201811356,0.49948082441092123,0.4974793412112323
0.4814318594180499,0.5658490193172274,0.5231937574026335,0.4983939805243557,0.5028665487749269,0.5011660058980545,0.48825211320193257,0.5645356037151702,0.517017139725539,0.47934188901778807,0.5503951170827623,0.5079627914150311,0.5021322120027933
0.5154034507089578,0.5771750407588558,0.5001962049071453,0.5153482575104756,0.4970069585784777,0.4953273535211079,0.47683899801523244,0.5717221362229102,0.49786884235726614,0.49815915828821866,0.503025755228505,0.5084006853621548,0.4781673802342143
0.4944686177004233,0.5775875697841016,0.48126613970778287,0.5215106753603143,0.4901524807313737,0.47701042602808763,0.45158935805262584,0.5617047213622292,0.5228658596543211,0.4942075921629286,0.45327675326222966,0.505347440752077,0.45307753864833256
0.4944077178953027,0.5524208290104244,0.48959979143395893,0.4975202393588497,0.4939764735540652,0.4796260349859256,0.44696782543029034,0.5414202786377709,0.5155343102614159,0.5232824181490074,0.49748629565631886,0.49283975581018424,0.4566520981433093
0.5284276090316511,0.543206857368707,0.5037009234890761,0.47842737685334824,0.5018617255940001,0.4943654226076759,0.4659754135868146,0.5587209752321981,0.512864955010351,0.5655089907192575,0.4949856253351606,0.48405320062692464,0.4661021806086516
0.5537409280290303,0.5372091299836964,0.5074542132363022,0.4624772087621908,0.5043037899599242,0.4770391689836682,0.47695269403418744,0.5553018575851393,0.4992992286926846,0.5237939868522815,0.5004934308526485,0.4805469489157959,0.5224948896959714
0.5271949129762784,0.5473395583222174,0.507003368970857,0.4718017374967177,0.5044624618612807,0.4633920136739821,0.47888693001097654,0.5215750773993808,0.5190139118509671,0.5197860273266306,0.5151734642197462,0.49792165069742356,0.5335794203864515
0.520804633425173,0.4951657526802036,0.5049968198173699,0.4880949298972961,0.4989215500910139,0.4752973458754818,0.4923002529385508,0.5153599071207431,0.5192341729915265,0.5683427590873937,0.5342999612703331,0.5016235983760722,0.5137474077014351
0.5523738324037363,0.4653846153846154,0.5032150185529383,0.4928001878774655,0.5033388571915814,0.45740389792801617,0.49681861695109386,0.5231753095975232,0.5132831889617703,0.5512877835782419,0.5276730918191027,0.48652865773685944,0.5044246848380516
0.5316468987299241,0.47066844523491924,0.5026841640389892,0.48372345028828834,0.4976539543781211,0.44943635064106374,0.4935986334019252,0.540282507739938,0.5317182597796603,0.4995669792472287,0.5412098552106298,0.48526457804171114,0.4934271832089101
0.4873181405819502,0.48718936811422353,0.5063659839574957,0.49293148020074784,0.49275573795409633,0.5011947488536351,0.49800119591368086,0.5174051857585139,0.5439833965054521,0.4587180168857953,0.5271163528570577,0.48903821632232247,0.4660257648474762
0.4522146529131107,0.47759498048515386,0.5071422631662932,0.49704407353849445,0.48085727314181487,0.5160012033717403,0.5088500419692712,0.4853231424148607,0.5046077843958092,0.47774877545759215,0.5139929541798248,0.4966314136204781,0.4600971753762945
0.42373244405617894,0.5069858208586533,0.488286814266097,0.4872184149503124,0.4794102447180423,0.4887279709197937,0.5155946021060434,0.4872058823529412,0.5139151286626609,0.4758777229956174,0.513484627301436,0.49361401431138174,0.4458031827164529
0.4554234426449836,0.5025813941998913,0.4804539008367364,0.45919490068013125,0.48931700643955817,0.4631409918619112,0.5180299427589672,0.5175212848297214,0.510059247624654,0.46538653647847383,0.5042863314067807,0.5022533131230422,0.43864769574640156
0.50293789059875,0.4879106763499827,0.4872309486833145,0.466391939021188,0.49848601796551484,0.4497103668175991,0.5369855956969566,0.5034191176470588,0.5110766443215236,0.4643553428718742,0.4978400762676517,0.5013265667738861,0.4431710842759713
0.5669288858275654,0.5042982066103454,0.49166297705548806,0.497665400589521,0.5035384575459981,0.47066398143588306,0.5027687086097363,0.48089976780185756,0.5322046697983954,0.47663299175045115,0.4896770541619496,0.48071687501828597,0.4416003158518129
0.5664500873597205,0.5435428091497455,0.5000312399565787,0.5128934609026256,0.5055733134622729,0.4881435308229874,0.48225850825208505,0.4655746904024767,0.5237364155908177,0.457404856277391,0.47052448906631716,0.4815849125771861,0.45184427316936493
0.5584113130837981,0.559391828466973,0.5064900447922542,0.5030946155353954,0.4942767638346699,0.5079780863706653,0.4822753521067451,0.4794485294117647,0.49763940366918347,0.49318042665635475,0.4384440356312936,0.4929213280897148,0.4753336290906312
0.5183287413480276,0.5097944765574823,0.49438961844550877,0.4964273694565977,0.48979346701811755,0.49724546675685566,0.4986489824908131,0.4819601393188855,0.5158083256088976,0.46118522815158547,0.4525915360781744,0.4997861876236057,0.5142780727095967
0.48985913245077617,0.5238673978558371,0.48699046844202515,0.49488514695494273,0.49858819080666866,0.49401667474663086,0.4844797915853717,0.4880127708978328,0.5542019401335465,0.4449137180974478,0.46791396055532386,0.49893946348691076,0.5173474391168036
0.4816796586250923,0.5179116644434564,0.4902812270335751,0.49543435568754646,0.512817946236918,0.5039214972397181,0.4997536586255976,0.5287499999999999,0.565002602490262,0.4709775393142563,0.4535243996901626,0.5078847067864067,0.5140297214857772
0.5088472716887307,0.47895607924509664,0.4991592181470435,0.5128250409595064,0.5156255491419484,0.5139719507077474,0.5181836429327397,0.5462287151702786,0.5005054206528907,0.4679584783449342,0.4611120628016445,0.5095533539866853,0.5225713054571467
0.5180305423022646,0.4278148312830394,0.49352388957686716,0.5074281867975399,0.5103923422271158,0.516721693458295,0.5246720361132244,0.5138602941176471,0.4492750392995696,0.4868482534158288,0.527980322349997,0.5079098953762855,0.509935110282802
0.5028517908742691,0.42744182599673924,0.478928312165828,0.5057981278824213,0.5074109416880762,0.5085548616793167,0.5130560928433269,0.4913583591331269,0.46392502730320384,0.47820999291054395,0.5269469105642615,0.5120214482780402,0.4809883954176016
0.5118733620052416,0.4638580109678376,0.47598276633186726,0.4812649553051344,0.4918360340922151,0.48712986258951035,0.4974355231280161,0.4810100619195046,0.48574792423541197,0.5075607437483887,0.502038893523208,0.5125013877944231,0.4561426597354742
0.5241184228210469,0.5277259028704115,0.4787808775506076,0.47556575896208786,0.49030344147490723,0.4835025015952341,0.5014991030647393,0.4692395510835913,0.48354531282981805,0.5128294985821087,0.5314846124054102,0.4960650578649725,0.4546716563328501
0.546088552516632,0.5093300726248703,0.4903288735860548,0.4322605579368983,0.4993180815529086,0.4775048048640746,0.492991552806888,0.4852109133126935,0.4898371771961544,0.5162372712039186,0.5180372251683251,0.4833758213175686,0.4757581610971605
0.5181292419864257,0.5090138827133046,0.4979927766028457,0.4397959976182463,0.49522627428736665,0.4727488038139986,0.4658469791950322,0.5048606811145511,0.5002799151994609,0.5370242813869553,0.4755425877375916,0.48274785039605184,0.48102023531809124
0.47487778039110273,0.5007756533768095,0.49319126270106506,0.4784236784780446,0.4988089968450984,0.5027986057750347,0.45673094468758857,0.49116486068111453,0.5298394846938174,0.5484197763598866,0.49988641780373,0.4773941124965051,0.4732003557578215
0.49777400712317715,0.47281507830640784,0.49025920174044774,0.4674505989518804,0.5087123478621927,0.5448897899273186,0.4849907218433914,0.48177051083591327,0.5439493084717941,0.5209018110337716,0.5368322856461897,0.4906388543299283,0.49934728203996115
0.5571786170284255,0.5031618991156563,0.4938066224212989,0.45881211883619527,0.5101648630713393,0.5565057763759731,0.4960255521275193,0.5084713622291022,0.5466829065555222,0.5205755349316834,0.5469876511946612,0.5072608047909473,0.5034249119626751
0.5766308547812647,0.4994738402252853,0.49036393425674746,0.46337961233630065,0.5080935274469024,0.5487643403395885,0.47662143155920755,0.5421439628482972,0.5180948460204188,0.5431127545759217,0.4929597658344755,0.5042825446753549,0.47149373709157366
0.5638124958000135,0.540677338076182,0.5217104213348676,0.48477933643750304,0.4975881129536329,0.5246413358192796,0.47715271480827487,0.5271826625386997,0.5061574788490307,0.5493925625161123,0.4361686676994578,0.4961999137000159,0.4745588581787152
0.5003674988240038,0.5115359913047774,0.5158521428587483,0.4734567604451364,0.502995710668461,0.5309437078795938,0.5077243110161616,0.5362945046439629,0.47952030270173895,0.50508749033256,0.4577418369778943,0.49379498464174176,0.5115759264880377
0.4857914454673745,0.477481349735685,0.48943797295383906,0.4567992780771407,0.5031371807562125,0.49329810085711495,0.5072196972036394,0.5314841331269351,0.44028890919603375,0.46527979182779067,0.48365347375320267,0.4953074625847717,0.5101579895862298
0.46935059807808616,0.4676374685045206,0.46821053483255165,0.4674996024246548,0.5109637093634958,0.4928631241293279,0.5188349386462594,0.5118556501547987,0.4513308099447905,0.4844938289507605,0.513179258773759,0.4900566103869607,0.47044938835551164
0.47217508903971506,0.5180129440245047,0.4726591945485151,0.46362555429399865,0.5031411846266205,0.4835254959596985,0.510286682406313,0.5008397832817337,0.45707464361616357,0.535276085975767,0.5203088690937259,0.47596998837643456,0.4912387207152515
0.47209108930851423,0.5265599525715132,0.5086291952002842,0.483455318078768,0.4944232758333055,0.48037526802806085,0.489579970410962,0.4906656346749226,0.46170799403721624,0.5209944573343646,0.5051372668771972,0.47738636216115776,0.5005465849584065
0.4855226463275318,0.4982930685242824,0.5140537102505265,0.5060551649660305,0.49856223979476455,0.49091626793799953,0.4895294388469821,0.48362616099071204,0.4881721078597828,0.47113463521526167,0.5096693827086933,0.48510879630122994,0.4515322421445659
0.49908440292991063,0.47794575366829706,0.4937454909954758,0.5012592967909197,0.4910216171929161,0.5008479171896287,0.4936695179569528,0.5141795665634675,0.489787356223885,0.5141970385408611,0.5480415450157898,0.5018003060219912,0.46947084208046147
0.48602454472145695,0.4915616817350921,0.4911154911977489,0.4781287330475722,0.4968866941747393,0.5070698089743173,0.49071973790962153,0.5290634674922601,0.49460950190827435,0.5147770849445734,0.5503541530119764,0.5011649722818945,0.4648413205492595
0.49960940124991593,0.5090064720122524,0.5050107541864913,0.47192470847556667,0.5087428959104913,0.5122722839344124,0.4735102312380514,0.5215131578947368,0.4955652779289159,0.5021127384635216,0.5281963147232318,0.4925204419938745,0.4993387913998306
0.5002330992540823,0.5303937552492466,0.5041261464951691,0.46006401887650755,0.5114073975213076,0.5506364648464072,0.4778110287945696,0.4994098297213622,0.5175481264036731,0.5155947892498067,0.5164452124173271,0.49556012351709444,0.5195465149106254
0.4786619682817015,0.5534138629514352,0.505941659942959,0.4689595360758019,0.5092392275495943,0.5363090595879793,0.48423625752007926,0.49460139318885454,0.4860586497729868,0.5111940899716423,0.5210406363582196,0.4951423804418738,0.5473597293183926
0.491694526577515,0.5363025542216293,0.5282105797821295,0.48751336038078474,0.519299767553079,0.5182833940448428,0.4896578732387645,0.5094156346749227,0.4544065994433162,0.5101165732147461,0.5167580289578741,0.5089807979629019,0.5235753236525884
0.5044225858477254,0.5468800948569734,0.5302665734712086,0.5031722814167736,0.5122240387930554,0.5210867903124743,0.5129150255605495,0.4989589783281734,0.4539568996146741,0.5207024200824955,0.49211069236727634,0.516191516211667,0.5179927277667281
0.4734896848330086,0.5434761128402746,0.49036797971875046,0.504258679162244,0.5082372219071029,0.4835829818708598,0.5153959849865108,0.4809113777089783,0.4630570935231424,0.5254293954627481,0.4859455997139963,0.5078624245722831,0.5071140950994147
0.4644723136885962,0.5100365594585248,0.4795953639005446,0.49514958078915927,0.5101509236706594,0.4646087987935624,0.5032045433490636,0.5266060371517027,0.454018520290902,0.520492958881155,0.5101404695227314,0.4990342113365317,0.48845803607248456
0.5311177004233586,0.47589545971048863,0.49535468588111287,0.49222231673625777,0.5058865051030812,0.47912973995289987,0.5042930774564657,0.52765673374613,0.46680415506908723,0.5081045372518691,0.5353538550914616,0.49987861037262254,0.49052550694428226
0.5419620657213897,0.5169112198013932,0.4912521379142946,0.502879185173953,0.5057487423027445,0.5246528330015119,0.4979015364402759,0.511311919504644,0.5192957936677545,0.5165836878061356,0.5316205386402908,0.5006327180019171,0.4644804683437096
0.49680591022108733,0.5337112790870016,0.4936861575527652,0.5175839253815798,0.5013225377123812,0.5467235904933632,0.4970916277620412,0.509640092879257,0.528756534086067,0.505836716937355,0.5511306083536912,0.5037280081812541,0.44746734818204786
0.48597204488945633,0.48957067338570226,0.5066208480636846,0.5200683089918599,0.4998615698879287,0.5322505542599933,0.49949398253292276,0.4811745356037152,0.5193259484667596,0.46687290538798654,0.5598019573377823,0.5087283307889627,0.4733638005803352
0.5027425912237081,0.4813620868534163,0.5119986155530034,0.4831659202112512,0.5079452359503075,0.5259481821996792,0.49516370823074957,0.481296439628483,0.5026110122703811,0.492533916602217,0.5513689447655366,0.500210906000639,0.4759661817803599
0.5256514179154627,0.49892544834741365,0.504211101197232,0.486225401181261,0.5141837109205566,0.5386199932166624,0.5008442982148321,0.5034210526315789,0.47952816917104457,0.5012829498582108,0.5337841863790741,0.5003769569354555,0.45004001214161543
0.5479617465224111,0.47642161948520334,0.5055496996244463,0.5128426082421992,0.5145677858967372,0.5176682947954173,0.5097904905211208,0.48657894736842106,0.49523881945272974,0.48998412928589846,0.5171825656914735,0.4986063928253595,0.48232142591810345
0.539845272495128,0.4597994170248506,0.5175642722775726,0.49732515006157796,0.5074213220928379,0.5158000026826759,0.4936007388837578,0.47575657894736845,0.4844512678781903,0.4910133088424852,0.5175326222963713,0.4887938870004982,0.49655598409703106
0.5197567367784424,0.49362432686132107,0.5327617245355023,0.4941066389535077,0.4958895821516355,0.4775392964107713,0.466244213434097,0.4909036377708978,0.4717351202455387,0.5481418374581077,0.5459952034797116,0.4797705590723778,0.4902262118796792
0.5209873328405349,0.5049552887703177,0.5188547746565291,0.5031482419772993,0.4980165270872955,0.49148346226145745,0.47413906847869114,0.48165634674922597,0.4995758661966014,0.5769749774426398,0.5276284037418817,0.48426226592291866,0.47553740445376524
0.50195929373026,0.5006224988883948,0.4973621340261562,0.485025278395201,0.5019093271644071,0.5176797919776495,0.49502895739346964,0.5110274767801857,0.48467939548805544,0.5461157031451405,0.5137732378001549,0.4984418919576126,0.4512032298395056
0.48782213896915533,0.5230818635442913,0.4852626066709669,0.45896745059895183,0.5102413814835823,0.48151348906905395,0.5042439495470407,0.5303076625386997,0.49864631174031204,0.5377312129414797,0.5191022910087588,0.5088300539403965,0.4533216445520869
0.5152942510583965,0.5166641964329827,0.49751990704427307,0.46452980705576036,0.5012018284341531,0.4667702690532262,0.495335655913737,0.5396594427244582,0.46986290055078395,0.5211334267852539,0.5342534111898944,0.49408387839181317,0.47655203594937035
0.560347506887978,0.510088434365891,0.5070694448502393,0.4655376143260265,0.49927151802297776,0.4284597416583152,0.4794996252242338,0.5279411764705881,0.48469775058310205,0.4983504930394432,0.4938423553595901,0.49061831594125793,0.48202213085350043
0.5654420905853101,0.4915270984635147,0.49692882009605727,0.4791457862560977,0.4995842647892963,0.48906713779564526,0.4910706515483713,0.5205166408668731,0.5176294132531654,0.494255929363238,0.4677836203300959,0.49925722723615096,0.48336789731419827
0.5527896310731806,0.5028382985030384,0.4967296934663541,0.5090758129953511,0.49872654677299166,0.49174789745279923,0.5109611384199904,0.524827786377709,0.48867818405178237,0.5064651005413766,0.45427478698683194,0.49846359289658515,0.4702732075728019
0.5129485585646126,0.5262215305567907,0.49965546148607803,0.5019287027208947,0.5002895391471015,0.500405275673687,0.5107337463820804,0.5245027089783282,0.4575269656012408,0.47674376450116007,0.46265007745933384,0.49483333581989924,0.47338078186059646
0.5409120690813789,0.5091744479027717,0.5008646051291964,0.4986926243301318,0.5086230763812425,0.49893172015091974,0.48651228338101077,0.515265092879257,0.4592733217871045,0.4710460170146945,0.4821117350890783,0.4954932768747238,0.5191729267448797
0.5307292016665547,0.4843980040511833,0.5011585753680808,0.49090107215900053,0.5021891532184817,0.48935648354849026,0.4773913360826247,0.528577786377709,0.5013523771814703,0.46368466421758187,0.5411502711076684,0.49804953123065443,0.5443901279327202
0.4898864323634164,0.49530408576651347,0.5022611885117868,0.4829070339399901,0.501010384112049,0.48135252851780247,0.49575605045295934,0.515297987616099,0.5138102424052517,0.44526617684970354,0.5427348358457963,0.4923660165620791,0.46971919330428125
0.4894769336738122,0.48223654957759005,0.4916135325198958,0.48834826860560154,0.5010344073344974,0.4945512937204306,0.4935003775830753,0.496484133126935,0.529131502456305,0.47894310711523586,0.5287567776917119,0.4910445843853606,0.4427444296094093
0.47297938646596327,0.45647201225235906,0.4829769206392729,0.4855643165957195,0.49927240777195736,0.4976287061645974,0.5100768360503407,0.5096458978328173,0.5112195518472435,0.5257315029646816,0.5174264881129714,0.49584998605908426,0.44323900939701594
0.4794389657953094,0.5080109678375574,0.46957070905711523,0.45742800187877464,0.5081190335843168,0.5230125683363769,0.509240257935561,0.5134578173374613,0.5068051514885327,0.5371511665377675,0.5142219805755824,0.4982549151173584,0.4430140074335554
0.5146642530743901,0.5228323699421965,0.4769631166239271,0.4577183243401174,0.5198348032727933,0.5318079127440516,0.5038305732805933,0.49630611455108364,0.500548686234072,0.5467239462490332,0.511510903890842,0.49519062627941085,0.43412855253689714
0.5197819366978026,0.5109875994269057,0.4967242995170168,0.47576547122848933,0.5252738387848994,0.5055521809196596,0.49440362928921744,0.49596168730650153,0.47772674770004103,0.5543974767981439,0.4972386492283859,0.49645218711557126,0.43952435433988457
0.4923035246287212,0.49021293414357,0.509386595586401,0.490239987573459,0.5155812099844665,0.46638319725140687,0.5006330482043047,0.5007856037151702,0.4546058833323937,0.5372961781386955,0.507664005243401,0.49504588876679956,0.461638226559996
0.4589073314965393,0.49752482584852525,0.4978516349285189,0.4866960194386606,0.5140130274079758,0.4699185807878253,0.49768607546608346,0.487625773993808,0.45163760224771254,0.4960383636246455,0.514853199666329,0.48780901313623715,0.4695790977421266
0.4252486392043546,0.5350699076132601,0.48662008392086176,0.48888730680612014,0.5081065770986026,0.4588237999336996,0.4940176242865925,0.48882352941176466,0.46237139961532964,0.5223056038927558,0.5293079306441041,0.4888456204889416,0.4513560613618563
0.4616730226463275,0.5373746356405316,0.47851522554574405,0.5104996874872868,0.503503015878312,0.43963883518214414,0.49816051070567335,0.47645123839009285,0.4934727970936018,0.5677989655839133,0.5550259190847882,0.49291803419719216,0.467883092376042
0.4700582958134534,0.5494639592905489,0.48083821972702123,0.5134528401673145,0.5051876072796295,0.4453126946137617,0.4924181599211708,0.4765112229102167,0.5184396595916516,0.5252320185614849,0.5398152148006912,0.48910680679014634,0.48052353287045196
0.4634454169746657,0.533370386838595,0.4660107024944768,0.5400543291332118,0.5079612514319397,0.44363218981081387,0.48600626591393353,0.49599264705882345,0.5450361923141973,0.4887414604279453,0.5116840701900732,0.4879510380314768,0.49460313686699625
0.4890464350514078,0.5121807222963293,0.45904981087465135,0.5247744915658551,0.5086754232795405,0.4638039960373045,0.4948731517378647,0.49976973684210524,0.5378475504470122,0.4851282547048208,0.5094738723708514,0.4868074760509794,0.5152863362251039
0.48633954371346005,0.5036312435156366,0.46822941365523224,0.5073764095432876,0.5095936442264559,0.4539547432583398,0.4958599208900293,0.5027302631578947,0.5374266943391576,0.48833260827532865,0.4829496365369719,0.49523964715048263,0.47881903686423677
0.4909301290235871,0.5001309223852576,0.4786150136084847,0.5186111491221906,0.5041067105609496,0.4527532877150692,0.49207215907336344,0.48090944272445824,0.5298276849898588,0.4590926301881928,0.46771658821426443,0.5025443382153341,0.47712515415818485
0.5129443585780525,0.5132626846499679,0.48941864463538026,0.5211824445521083,0.5032276385691353,0.48464647122734333,0.4846313862773116,0.4757198142414861,0.5159826990118404,0.4406358758700695,0.4789612256449979,0.4991477537493701,0.46685147960017576
0.521188932195417,0.4914406402845709,0.49423229492316995,0.5174970135619423,0.5020324091065808,0.5055042759936919,0.4956290197157318,0.47291602167182656,0.4990475016749024,0.4843951405001289,0.4703904248346541,0.48469047195085824,0.492340381272195
0.488475236879242,0.5192431203991897,0.49616557626482494,0.5133243216255099,0.5045753116901893,0.4867274612113815,0.49230376207493837,0.48471362229102166,0.5030580899425879,0.5110228957205465,0.48525107251385335,0.48834398003358614,0.4811794348205397
0.5079253746388012,0.5276172125883108,0.4850207779423431,0.5221310778175148,0.5018308809627083,0.49019386165440615,0.4776818925755096,0.5091273219814241,0.4703991315417887,0.4957080594225316,0.501904829291545,0.4939811864484611,0.4611627507126831
0.5119951616154828,0.5164295242329925,0.49453345709450425,0.5368071556165377,0.5071041265816215,0.496249044296727,0.4740057212959662,0.5065654024767802,0.46843382529358324,0.5180197054653262,0.48860826431508075,0.4950131435999572,0.4651554742340912
0.5184085410926684,0.5058272812608072,0.4950652106000095,0.5140575245294742,0.507290973867331,0.48363280299386624,0.4932863202634379,0.5031830495356038,0.4663033231899582,0.5164225638051044,0.46466662694393135,0.4832334089055616,0.4672208224458563
0.537898578724548,0.49192233585297174,0.4899310698224267,0.5107243637869884,0.4851961340406838,0.4753241726340236,0.4983366693523258,0.4979740712074303,0.4530365227059081,0.511071232920856,0.48953740392063394,0.48506849455742396,0.46015660985720863
0.5586780122303608,0.48809594387629074,0.4749826382255705,0.515767098513623,0.49722020175058107,0.48992751026602566,0.4840102691367244,0.5106211300309598,0.4404029730009663,0.5032607469708688,0.5090884377048204,0.4988067389940879,0.49832203724419294
0.542092265304751,0.49540289511387775,0.4787044632683288,0.4909611707576862,0.49795083395430395,0.5238231196837508,0.4870891854031156,0.4989202786377709,0.46647769659290106,0.5091961523588554,0.49617544539116964,0.48955051348878054,0.506986735497456
0.5279530105503663,0.5143718195741317,0.4846454489676206,0.522277163642012,0.5013615383759857,0.49611491050401735,0.4875678316063704,0.46188467492260066,0.5070555674280972,0.517856567414282,0.4884295120061967,0.4919035153002277,0.5098459585614308
0.4856192460184127,0.5172941060224296,0.49094603128940106,0.5145586543831295,0.48836660623788175,0.47829811043810017,0.4653458745188974,0.48729876160990715,0.5026070790357282,0.5020583591131734,0.4910419025204075,0.49377909645427975,0.530681989441889
0.4850018479940864,0.5460896200780594,0.5143899330925534,0.4900939017489617,0.4851841224294596,0.49109255806556074,0.47080538891056756,0.4979160216718266,0.5324380417211311,0.47255051237432333,0.47380720073884286,0.4934902027042083,0.49638192597435404
0.5224825280559102,0.55338669038091,0.49297056027401265,0.4726874983819608,0.4945340495812619,0.48421915928771125,0.4771492056718873,0.4943498452012384,0.5548011028789968,0.476216083397783,0.5071128522910088,0.5037156076446982,0.4699081100471868
0.522654727504872,0.5402401067140952,0.4780306690969405,0.49374419817374227,0.5064727013891206,0.5079282652476589,0.47802508611420697,0.48238970588235297,0.5337884522852749,0.4643915957721062,0.518728028362033,0.5037694724753622,0.4872162799533864
0.49447911766682345,0.5140408082604615,0.4843299029313868,0.4784643606063856,0.4979451988774334,0.5420039971870227,0.4727761199057867,0.4876122291021672,0.5196982946805623,0.46914878190255216,0.4997616635881547,0.4929093150699264,0.47688317091446325
0.4767845742893623,0.5148633960772689,0.4855246627096056,0.46581314328615436,0.48496020226960135,0.5433932400400868,0.4946548834545623,0.5153831269349846,0.5225105574573474,0.4791565964166022,0.47567665196925457,0.4828815436807931,0.5082921714175336
0.4882715375310799,0.5075539746059976,0.5075288295354686,0.47659668107800246,0.48815425281475794,0.5197646143557649,0.501223284944682,0.4894136996904026,0.4905307375732729,0.4729271397267336,0.448388994816183,0.48450446390252244,0.5210069050130861
0.5159347490088031,0.46894175188972875,0.5277354627446662,0.4989681532902596,0.4983716852216402,0.495530470407211,0.48847248696706747,0.4878057275541796,0.4700687398309496,0.4720852668213458,0.4552113746052553,0.499028592343405,0.5103171890886784
0.539259374370002,0.4482164912800751,0.5116030592682659,0.5396604521633647,0.5091030959557201,0.4732259368766371,0.4765322994949651,0.517078173374613,0.4892209704338751,0.4688708430007733,0.4380139128880415,0.5002428761339467,0.5266935112405462
0.5469999496001613,0.46576750160565183,0.5020121678507135,0.5325410797036862,0.5077991688261616,0.47465158747343666,0.47952910196988885,0.5238873839009288,0.5121176404263101,0.4910616460427945,0.4521372072930942,0.49502341279429235,0.5277421052966735
0.5467416504267186,0.4968776246232894,0.5006353622823598,0.49788637851391887,0.5007670377661368,0.5118756311473996,0.4653585074098924,0.4836280959752322,0.528749978694979,0.4961592066254189,0.5023424000476673,0.49844208571599635,0.5128919757082786
0.5524326322155769,0.5466651845264562,0.5060828016172858,0.4709113536423449,0.5089304846536837,0.5387196354626753,0.4874365899054779,0.4592434210526316,0.5404841287426366,0.5267969354215003,0.5230553238395996,0.49569672317759095,0.49131725913645946
0.5450070559774208,0.5149202114520034,0.5077944815403321,0.47740015311273754,0.5126279848297799,0.5223361507817126,0.4870597086574606,0.4865886222910216,0.5414569487801073,0.5302993683939159,0.511563039980933,0.4922057783787732,0.48830095923006867
0.5423736644042739,0.5089891803764637,0.5008358373993973,0.5189430783057003,0.5111336514185936,0.5162962977157015,0.47533778946866057,0.4870510835913313,0.523977653982859,0.5010593903067802,0.4656888667103617,0.49379169074921914,0.4991477519968924
0.5329194946576171,0.4727706141000939,0.501978006171577,0.5189837604340414,0.5076136561639214,0.5275194637714207,0.5032284054764986,0.4824438854489164,0.5101982219157213,0.49108984274297507,0.4450485610439135,0.5015406697878558,0.5277187560363146
0.5166424467441704,0.4832962798280718,0.511705544305675,0.5085395485763105,0.5065766537282337,0.4994720877158356,0.48912588816241964,0.5094311145510836,0.5141406341160907,0.4908803815416345,0.4693086009652624,0.5022947774171503,0.5036796311665928
0.5141476547275049,0.49238921001926783,0.5161110524269401,0.4854931228711227,0.5090455588550414,0.4878561012671811,0.4904804148079941,0.5221594427244581,0.5222260534841248,0.46138864720288736,0.4461099028779122,0.4876303679064814,0.503756046927768
0.48100346078892553,0.5316016995207746,0.513204612725675,0.47298521759391104,0.5140465412862063,0.45940057524235106,0.5107211134910854,0.5109404024767802,0.5130249065529,0.45285511729827277,0.48016221772031226,0.49663625758007013,0.5121193274563953
0.48315385390766746,0.5113927177510993,0.5186668854212787,0.4762268435476295,0.5096703109301954,0.4752206979939333,0.519818900489314,0.5028366873065016,0.5034645241900487,0.5063623839907192,0.5185958261335876,0.5069910931208604,0.5334732873848191
0.5240680229823265,0.4811768193271083,0.5040056816266353,0.4819889122708394,0.5091409102873519,0.4640071129234077,0.5087735427960238,0.496437693498452,0.5263651274171366,0.4992850122454241,0.5355121253649526,0.5029531684049054,0.5294593372630847
0.5263990155231503,0.4695148461044414,0.5095511110411896,0.4846055127982277,0.5039133384493899,0.46438077134595596,0.501015544070542,0.48089202786377705,0.5124650761539783,0.47869135086362463,0.5082579842697967,0.5092875174842721,0.49862133230879613
0.5263717156105101,0.46318363717207645,0.5136617499320137,0.49880819855837333,0.5031474128694775,0.4860702056271042,0.5061402868508449,0.48880611455108364,0.5018125656358533,0.4613584364526939,0.5019699994041589,0.5036142720100321,0.502879388334285
0.527827010953565,0.452900054345141,0.5103507640304489,0.5041070457747912,0.5020322608150842,0.5081064715722587,0.49098994141145885,0.48745936532507744,0.5006221066142585,0.4671286897396236,0.49412165584222134,0.4972613221258317,0.5020897588021405
0.54002587191721,0.4463736969517316,0.5252205338661357,0.48547093261930035,0.5037352403619796,0.5175533229730946,0.47762574639330957,0.45925503095975234,0.5056684466738601,0.46198682005671565,0.5240645295835071,0.5037495153618429,0.4984281702458253
0.5562063201397756,0.48138184872288925,0.5141881094881816,0.4706136344303947,0.5122041677325119,0.5239974936142734,0.4657122283577523,0.4538544891640867,0.4949975810606885,0.47353941093065216,0.5508606178871477,0.5011676848992659,0.48961488579027695
0.5172262448760163,0.4989106269453091,0.5043697732069051,0.4869271678951437,0.5069844553438695,0.5207744501951647,0.47875217917369667,0.47311339009287934,0.5160023651851046,0.4818231986336685,0.4890160430197223,0.5035751328165281,0.49190948128556783
0.5162749479201667,0.4906625166740774,0.5201389840945919,0.493816316492165,0.5071231078931857,0.526101477962776,0.49098923958418134,0.48787345201238386,0.5526679786189365,0.4665083623356535,0.45810120359887985,0.5039068471693935,0.5033081656608795
0.5270962132921174,0.4790894718640384,0.5136127548921997,0.4947464578810528,0.5058636682126055,0.5111417276815741,0.5100403410319106,0.4719098297213623,0.525143202518319,0.47392006638308837,0.4985159834356194,0.5012331752329509,0.4865794819435924
0.5040718869699616,0.4641223259720369,0.4965741679271277,0.4757839631050079,0.4997300353304491,0.4969810315655138,0.5293069034538324,0.43358746130030956,0.4891672162269529,0.46994835975766946,0.5022753679318358,0.5037295582483234,0.49166537538181343
0.5001322995766413,0.46657526802035476,0.4898456656245856,0.4983431278639293,0.500679842366139,0.4603260984120475,0.5143979865979064,0.4340208978328173,0.4626231266331118,0.4874544824697087,0.4786726151462789,0.5021436458778775,0.49117928623433743
0.5032255896781131,0.5238945704263622,0.5059695286812018,0.4946687919996745,0.5059265438071617,0.46059053360338936,0.5062946888518948,0.47271091331269355,0.47551233659048864,0.4857123292085589,0.5403328516951678,0.5052042533065353,0.47675156599243906
0.49510911565082993,0.5468850353243417,0.5121406562188865,0.4881245168997259,0.5112126907862786,0.4744465543902949,0.5008049958872922,0.47851393188854485,0.5262641743943802,0.4915873130961588,0.5253939998808317,0.5130654184493245,0.4868893903083588
0.531348699684161,0.5388419544488909,0.5219904572046307,0.5072016613101864,0.5170753951041562,0.4905062017717157,0.5107898925642804,0.49179179566563463,0.5055111172877462,0.4696744489559165,0.5150561580170411,0.49751107668239913,0.5208286015703438
0.5426508635172368,0.5284719134430117,0.5239174456053922,0.5220219757460547,0.508605726276141,0.49974035530125493,0.5231680202575426,0.4872736068111455,0.4696491948013126,0.45425891015725706,0.49413282786152657,0.4992492831424199,0.5145221786133511
0.5230159263490357,0.5082901042438615,0.5066262420130219,0.48957058164348394,0.49680409581113594,0.4943635064106372,0.5136673844020292,0.49561919504643964,0.49509722300522724,0.4619606374065481,0.4585536703807424,0.5072910310988019,0.504212418834787
0.5411535683085814,0.5095721555259128,0.4922895741701746,0.4912588899696363,0.49876880984952116,0.4942849423320501,0.49543110442347693,0.5378095975232199,0.5338880942298136,0.4596948311420469,0.48852819817672644,0.5069447848671602,0.5286973023113646
0.5119867616423628,0.5123239958500074,0.49856678271149335,0.5130164318814745,0.4963225933216925,0.48621008801092996,0.49623188934710416,0.5451780185758515,0.5344177698297303,0.4462933423562774,0.5146669993445749,0.5005001872674779,0.5246324083488464
0.4837187520999933,0.5059705548144855,0.49420172921025834,0.48988956651343063,0.5005400034848502,0.4513180561330761,0.4883658092208875,0.5099400154798762,0.4988298626907783,0.4656201662799691,0.48509466424357983,0.4957011796204157,0.5013107425701593
0.5007307976614475,0.5062299293513166,0.4949874478303963,0.46000114649634416,0.5054625397143164,0.47098207014430876,0.48785066799920274,0.49311339009287924,0.52271246350286,0.4536909480536221,0.4833760352737889,0.48764799991939645,0.49369039305295825
0.5582433136213965,0.5161256854898474,0.5081446387514805,0.49453934886404405,0.5048296316068496,0.5027583656372216,0.4923528899843632,0.49780185758513934,0.5367187121016453,0.4721295759216292,0.4724479383900375,0.4876009166321615,0.48047683434973376
0.5352861870842014,0.5537572254335259,0.5051199816605723,0.5196892255232276,0.5077207226244629,0.49157352352227673,0.5087784555869662,0.5208494582043344,0.5200785073636708,0.48419977764887856,0.48244130965858306,0.5013401298607438,0.46639086237309146
0.4813604596465292,0.5539301417914135,0.5075112992001223,0.515875275991257,0.5031595727721982,0.4617000116888019,0.5110979947391027,0.5426102941176472,0.5217461988564775,0.46950526875483367,0.5148848537210272,0.5176712489878545,0.4777555841878809
0.4782419696256972,0.5142680697593992,0.5030981496506294,0.506539652130819,0.4962917486904007,0.425886289035329,0.49513002052142957,0.5640305727554179,0.49939887063722344,0.4772231084042279,0.5179869510814514,0.5189971376073979,0.4650981624132097
0.4943489180834621,0.5184724074897484,0.5052705627462394,0.5113512384009704,0.49365601562992373,0.4505879850613279,0.4969365239337138,0.5807178792569659,0.5187805399282316,0.5182835460170147,0.5035322201036763,0.5059502230837151,0.4545634006711851
0.5134735568846179,0.5103231065658811,0.49776533173912163,0.49039624393004155,0.4923384456826784,0.45547620370707476,0.4954381226962519,0.5731927244582045,0.5179047396788645,0.5394270430523331,0.4763469731275696,0.4990737380468031,0.46945598346023304
0.5334171930649823,0.4891976680994021,0.4950440842984382,0.46544330575578147,0.4912999603320247,0.44420130033131044,0.5055612793469076,0.5300386996904025,0.5015936155735116,0.49381888051044076,0.4772705267234702,0.4996090924609194,0.44845438509722846
0.5108212653719507,0.4868385949310805,0.4862964469606219,0.4518184911368436,0.4873436914943705,0.45275712010914654,0.48992246212238183,0.5383049535603716,0.509599059170271,0.4888925141789121,0.5079693737710779,0.5013312169750945,0.44194418677710157
0.5192044385457967,0.4758435848031224,0.4864739977929757,0.4608240350014238,0.4869007447940416,0.46831280766938704,0.4774720462195372,0.53531346749226,0.5110320676621246,0.5089161994070638,0.5469653071560507,0.5085246907277119,0.4520607844926949
0.4937966198508165,0.493762659947631,0.4902317824979829,0.4740891826220741,0.49627128446387064,0.5144701619378118,0.4904474289259516,0.5050116099071207,0.49912092205508884,0.4726048917246713,0.5207166477983673,0.5050248330432447,0.4842912544283995
0.472752587191721,0.5376513018131515,0.5085006394077443,0.4620389512886989,0.49514753150267476,0.5502283148771621,0.49915921092155535,0.5159829721362229,0.49707301787917363,0.4528752577984017,0.5020742715843413,0.5024234329839159,0.46896352633265903
0.5059240810429406,0.5654562521614546,0.5129367132419209,0.4755583622114805,0.49003147487015225,0.5305432226985036,0.4978390738125784,0.5345530185758514,0.4890754407517198,0.48490872325341583,0.4757585801108264,0.5060283077123393,0.44125219960645884
0.510539866272428,0.5245220097821255,0.5247795785078089,0.48507520646180136,0.4867650580746573,0.49034140882638677,0.5038797011900182,0.548405572755418,0.4944757719300776,0.5465970610982213,0.4687481379967825,0.49596701612282884,0.43964959128181075
0.4861253443988979,0.4921125438466478,0.5192265076650268,0.4909399050996897,0.4945244106339832,0.4580611535122933,0.5155230157237384,0.5254605263157894,0.5021573792070861,0.5195101024748647,0.48890990883632246,0.4885003430492183,0.457386538514605
0.4495665613870035,0.4715058544538313,0.5021699408688304,0.4827896105240968,0.5005846392253253,0.4538915087560624,0.5075706108423892,0.5247136222910217,0.4970415520019509,0.4822280226862594,0.5104495620568432,0.47953959907902766,0.45945188672637005
0.4591404307506216,0.4786695321377402,0.49745562914800323,0.4803126236644243,0.49772068555158877,0.4989144743775713,0.5029090740652362,0.5415034829721361,0.45971777730287616,0.48476371165248777,0.5261276291485432,0.4869181120880624,0.48275444856476346
0.5016400947516968,0.47364507682426754,0.4978511854327408,0.5073098387878205,0.48566532833590986,0.49880525114636487,0.5120054574089098,0.5492917956656347,0.4469819634969603,0.4972669341325084,0.5315721265566347,0.5012083741598394,0.48867242473578193
0.49913480276863115,0.4877599920952522,0.48827602636742234,0.5117747023732475,0.48291719032101404,0.4437682398005622,0.5073965576775693,0.515874613003096,0.46660880441466257,0.4888784158288219,0.5138290978966811,0.5073995357936644,0.4900033325762512
0.48474564881392385,0.4765574823378292,0.4973544925979283,0.5013850415512465,0.4842527035393473,0.4362969875466354,0.5154219525957784,0.5374709752321982,0.4951588436814552,0.4958268883732921,0.5099896472621105,0.4955688426443602,0.4548287331752659
0.4718810899805121,0.5144755693888642,0.4896519329442198,0.5045443786544571,0.49559655815436404,0.4390831380409185,0.5059514953131974,0.5572078173374613,0.49390020859254447,0.4630562806135602,0.5205565155216588,0.49626695410077026,0.42502870897694156
0.4590270311135004,0.48974358974358967,0.49040393938099935,0.49020392841424765,0.5034373227453205,0.44348272644179454,0.49303296061626056,0.5621691176470589,0.49028425486836114,0.45712288927558653,0.4697666537567776,0.5016245671679906,0.41261963842609006
0.46594230898461125,0.4697174052665382,0.4833553960844423,0.49950811608460405,0.5049687290306555,0.44201683570718203,0.4974053445550837,0.5716950464396284,0.4858580548056917,0.4652415248775458,0.47111288208306024,0.5094452368085902,0.4213565071204631
0.5129212586519722,0.4805469097376612,0.49695713833007826,0.47712554874643576,0.5042515913531229,0.4533722193585722,0.4938154980306727,0.5754295665634674,0.4990527459877729,0.4815029646816189,0.45702868974557587,0.5159039787702814,0.4704727376158707
0.5449734560849405,0.48937058445728965,0.4970029868994455,0.4589286176582627,0.5019428410426375,0.5148936414833665,0.4965547298947539,0.5347678018575851,0.5261737099973648,0.5039616363753544,0.47197312756956444,0.5073266826413996,0.5035352902843728
0.5171569450977757,0.482281013783904,0.477878739523939,0.4668431408082429,0.49925476108386246,0.5100954840984389,0.49737586780942866,0.4946884674922601,0.5119550667273259,0.4929689514050013,0.48327176309360664,0.5060044754311463,0.4926354310167329
0.5100904677105034,0.4705795168222914,0.477878739523939,0.44620343283195696,0.501075187496061,0.45527308682097156,0.5152724633856709,0.49341137770897836,0.5092896447109139,0.4742483565351895,0.4881855895846988,0.5027524347194098,0.4970272146242786
0.5362500839997313,0.45032854107998616,0.48471781778789647,0.46740899222971344,0.49284337822858393,0.45680796064897755,0.49056954687223653,0.5352650928792569,0.4949398936191134,0.4859600573601443,0.5241892837990824,0.5120241608954117,0.4993621406601897
0.5605197063369397,0.46633071488562816,0.49258848886261836,0.48704644049868895,0.5018377023715517,0.4842191592877112,0.483667075598027,0.5524961300309598,0.5015083954893664,0.5243800754060325,0.5175791723768098,0.5103593888628069,0.48042164518888486
0.4982906054700625,0.5167630057803468,0.4950575691717815,0.4828173483388747,0.5041686964065263,0.463332611565782,0.48202058880501275,0.5330921052631579,0.4967203378386351,0.5171335234596546,0.4842064887088125,0.504492772521651,0.45882570201673933
0.4787711679322626,0.5140679808309866,0.49863510606976624,0.485325771388629,0.5002183592287359,0.4630336848277435,0.4862596255611109,0.53578173374613,0.49780984383747345,0.48533771590616137,0.47579582017517724,0.5113954149403601,0.45208625641308664
0.5020600934077011,0.484183093720666,0.4905936265993622,0.5236742249129958,0.49356970997890554,0.4632559636842337,0.4924897463034757,0.5079818111455109,0.5342617515218341,0.48793181232276367,0.48799380325329206,0.5153806373759535,0.4554421819247007
0.48161455883341175,0.4842893137690826,0.4945739117145342,0.5436768877432144,0.4911429196371307,0.47288485380374695,0.5242635726377196,0.5285332817337461,0.5442443010707576,0.4814264307811291,0.5079954418161234,0.5025404630476604,0.46390310481482977
0.4761356763658356,0.4876537720468357,0.5207606367557193,0.531273461568333,0.4982405955386503,0.5110382530414836,0.5396118333693605,0.5952534829721361,0.5485577484067122,0.5004088521526167,0.5357802538282787,0.5051837149178648,0.4415387587108661
