Clair,Doctor,Doran,Holmes,McCarthy,Ryder,Simon,Sutherland,Watson
0.49215576090576096,0.515489181664227,0.4268021164021164,0.5039271673124697,0.47661064425770305,0.5980380420324554,0.42265543088743873,0.4141697877652934,0.4778749657598652
0.5372248122248122,0.5176037429317718,0.3778546194546194,0.4942883420365254,0.4604341736694678,0.5410919675132623,0.5137423125674851,0.41629213483146066,0.49279685328051154
0.4921065046065046,0.5119738109589826,0.43510166870166866,0.49831625460577006,0.4790616246498599,0.4866798115894403,0.5220451309015226,0.449812734082397,0.4830689284575381
0.5239119676619677,0.4994000516662361,0.4154712250712251,0.5106819114197998,0.5974089635854343,0.4989601427163044,0.5723244605104612,0.42571785268414486,0.4775547305556918
0.49531579531579534,0.5159176784637906,0.45949141229141227,0.5050981700845103,0.6687675070028011,0.5598203527220944,0.6311468162684067,0.4451935081148564,0.4686743257248687
0.4889122451622452,0.4982278595826516,0.5148812372812372,0.477543066045237,0.4749299719887955,0.5656768852792513,0.6066612678590989,0.49132334581772774,0.4809956055086756
0.5372759185259185,0.4848032721949539,0.5411939763939764,0.49624088302153024,0.5111344537815127,0.5147849083767586,0.6216112702064065,0.5052434456928838,0.5008939373497523
0.55863418988419,0.4665308763167714,0.4854179894179894,0.5257420082500416,0.4255602240896358,0.4847820133640048,0.6535428696618311,0.5797128589263421,0.4900171164900489
0.546709077959078,0.5109742989178795,0.40759039479039477,0.5123905692968014,0.4931372549019608,0.593646620659437,0.5968424800087633,0.5447565543071161,0.4995164669495821
0.530643661893662,0.4787759350153563,0.4790170126170127,0.5217179287324556,0.5595938375350139,0.6287408259393142,0.5741733564934354,0.4735330836454432,0.46351796789399663
0.4734561734561734,0.5168408622520738,0.5080550264550265,0.5046761955687742,0.5489495798319327,0.6056530992285183,0.5613022862776396,0.4648564294631711,0.4913973899818476
0.4955560643060643,0.5350554034271936,0.5093548229548229,0.5124493090291035,0.5554621848739496,0.5712826471370672,0.5277545655133562,0.5063670411985018,0.49079796991774194
0.3978861416361416,0.5214829243089641,0.42308799348799353,0.5205415148240548,0.6406862745098039,0.4619086740841588,0.46938250160399353,0.4533083645443196,0.4983501431953098
0.3982101232101233,0.4862191566922127,0.3886827838827839,0.5170056933013559,0.5007703081232493,0.3921678168474093,0.3845230270879302,0.5197253433208489,0.5040484605226577
0.504906204906205,0.4328528143746951,0.4996535612535613,0.5159580740856647,0.36813725490196075,0.48914761435300375,0.4283809054347996,0.6007490636704119,0.5055890294608252
0.5108433233433234,0.49355136484973733,0.5244167684167684,0.524719180729327,0.38977591036414566,0.440997683989797,0.5384978013551789,0.6111111111111113,0.5065287463817887
0.5244882432382433,0.4977389936565343,0.5357128205128204,0.5101994696709886,0.4282913165266106,0.4993423626433814,0.5341032502386429,0.5410736579275904,0.5259872064547254
0.49181512931512933,0.49702223370360804,0.5306862026862026,0.512428424113401,0.5628151260504202,0.5972333067305134,0.44586287028777993,0.5190387016229713,0.5231189006565929
0.49920565545565554,0.5124811389534717,0.5597040293040294,0.4949124572806314,0.6109243697478991,0.5969121168020282,0.45745426662285027,0.4674781523096129,0.5035764684418387
0.5185388685388685,0.4719092855707684,0.5711785103785104,0.49551298870771376,0.5710084033613445,0.6460134891945605,0.5480709043393894,0.4993757802746567,0.4779549737117533
0.5376688126688126,0.498766095467723,0.5820109076109076,0.487540758919914,0.5341036414565827,0.6016509397054911,0.5531403064018903,0.5732833957553058,0.46391367295458635
0.5520699208199209,0.504526524871552,0.5046919006919006,0.4764089698271695,0.5647058823529412,0.5861712282678434,0.6275249205827582,0.5014357053682896,0.46218516604932214
0.4980272042772043,0.4682028990499153,0.4400387464387464,0.5000598460386996,0.45938375350140054,0.5695871085864515,0.6285303506877611,0.4882022471910112,0.4560902012911086
0.463729094979095,0.5128748241912798,0.4606398046398047,0.49826965051737765,0.4721988795518207,0.5315012597217658,0.6081396804531869,0.43370786516853926,0.4876651268826965
0.44980066230066235,0.4782440368552484,0.48357281237281236,0.4959283924458215,0.3733893557422969,0.5341192901741703,0.4266626762436818,0.5043071161048689,0.4580210893677738
0.4868314555814557,0.5318430035305262,0.5229948717948718,0.476917529975864,0.47556022408963583,0.4679244323427695,0.46597851431075216,0.5125468164794007,0.475481869593125
0.4743282180782181,0.523342162519016,0.5560260480260479,0.4680757492421841,0.41421568627450983,0.4322973882290347,0.4783957717165078,0.5116104868913858,0.47926984445779974
0.47737609612609616,0.5266833146760814,0.4933323565323565,0.4880493696583019,0.4932072829131653,0.44716601724488675,0.5725940096709075,0.5157303370786517,0.5090071342131515
0.4641014078514079,0.5202312006659204,0.47432836792836797,0.47829728268638333,0.47738095238095235,0.4173188269721296,0.4404272882337292,0.4575530586766542,0.4870309275294772
0.4863307988307989,0.496942047705158,0.4668727716727717,0.5154824568472856,0.5444677871148459,0.5175026994037838,0.4834616528175516,0.52103620474407,0.5014463564408249
0.5116781366781368,0.47517414391917107,0.47262515262515264,0.4943901912466889,0.48242296918767513,0.5555329953210334,0.5410684944368809,0.4600499375780275,0.526090777240838
0.47307322307322314,0.5105700852492896,0.49870215710215715,0.5009874602267949,0.48613445378151254,0.43891523089682793,0.6107635791746866,0.4716604244694132,0.49424561624065805
0.5375171125171125,0.5173899595281151,0.568030932030932,0.5037148078581873,0.46253501400560226,0.42403916874012176,0.5171470822966058,0.4247191011235955,0.4877587041488821
0.4802720427720428,0.5255717672723097,0.5659542531542532,0.5168121230160948,0.36792717086834736,0.3939333834092296,0.5013794344553464,0.4562421972534332,0.5165364427464063
0.4907250157250157,0.5611487815379317,0.5351098087098087,0.5033545088456471,0.44866946778711486,0.46597538456723475,0.5939189083454611,0.4936953807740324,0.5066916522551472
0.5125790875790877,0.5127876230661041,0.5109108669108668,0.5026854036773216,0.44495798319327734,0.4039935527283539,0.5432209755410543,0.49126092384519354,0.525918521255458
0.4929168054168054,0.5374763799190563,0.4756636548636549,0.5079768032529566,0.46897759103641457,0.48211273336150107,0.4691904135956058,0.5767166042446942,0.5220927268843317
0.4688048063048063,0.5455185625304975,0.5017894993894993,0.5060846726366426,0.45245098039215687,0.5062047165234809,0.5000375569222102,0.45149812734082395,0.5173247906752358
0.5112167924667924,0.4835158184792904,0.4170858770858771,0.4817905159227139,0.448249299719888,0.5802031985978748,0.46663223948797394,0.4468164794007491,0.5244380713503082
0.4626799126799127,0.46899273802347946,0.46325763125763125,0.47898844456889245,0.34866946778711483,0.45128632458570017,0.5124606825970612,0.47933832709113605,0.4955636677419091
0.5273580586080586,0.44423214213955625,0.5177986161986162,0.5148868914456946,0.46757703081232493,0.42368941990203907,0.5783746459477646,0.5060549313358302,0.4972387063770462
0.5019875957375957,0.46779987944544904,0.5404174196174196,0.5080066660744927,0.4610644257703081,0.4148608046570583,0.561833951457678,0.5583021223470662,0.527419415076289
0.45717083842083844,0.5031135222021298,0.5100997964997965,0.48103904759607774,0.5182072829131653,0.41814351438899583,0.560819914558002,0.5114232209737828,0.5179205506222505
0.512028712028712,0.5175051293091076,0.4859360195360195,0.49625644503870997,0.5498599439775911,0.40813576827378995,0.5493278875796129,0.5787141073657928,0.5183812700330341
0.4809417434417435,0.5497019317431614,0.4404867724867724,0.47504586622398726,0.45623249299719887,0.3648306808757023,0.4868930253665712,0.5905742821473158,0.5139387086256522
0.42362036112036117,0.5162996067625363,0.4781232397232397,0.48265640048840625,0.4496498599439776,0.49556124125627904,0.48172386272944934,0.5916354556803995,0.5268499842597588
0.38142436267436264,0.5332832056029163,0.48027871387871385,0.48995391710310077,0.43319327731092433,0.5724359576232728,0.5051030468053143,0.5905118601747815,0.5096063161294543
0.4430358992858993,0.5302276414363214,0.5056351648351648,0.4902008120626222,0.525280112044818,0.5871582711296809,0.4309899378745913,0.5397627965043695,0.506840844187967
0.4870393495393495,0.4704048566261948,0.46584517704517714,0.4913384221074607,0.4007703081232493,0.5224058338419166,0.4880803718135299,0.5137328339575531,0.5133592515822009
0.465570078070078,0.48497149745974333,0.42300724460724454,0.506985952340195,0.34971988795518205,0.5310642692831322,0.4638757178849193,0.4829588014981273,0.5101840662766357
0.443295362045362,0.5159754183529952,0.4967247863247863,0.5387188058165598,0.3427871148459384,0.46696164499319276,0.517516392031673,0.4867665418227216,0.511571483691475
0.4681166056166056,0.49460571198943715,0.4936143264143264,0.5236271978819782,0.4271708683473389,0.39304101528879704,0.5640768039059199,0.4384519350811485,0.5269456087793749
0.5113832926332927,0.5035792760986252,0.4978529914529914,0.5178471826540882,0.5311624649859944,0.41454704786942714,0.5638096020531117,0.4430087390761548,0.5259427285196814
0.4925211362711363,0.46544198168718964,0.4143882783882784,0.5073937248779524,0.544327731092437,0.36866618155642145,0.550133796535374,0.44357053682896375,0.5309072444970482
0.49292258667258676,0.5265978472401619,0.4721781033781034,0.47779489800980535,0.5787114845938375,0.40959266388119486,0.5028942303178254,0.5598626716604245,0.5202798701736742
0.5171393421393422,0.5163213065817045,0.4298930402930403,0.461314557890198,0.5081232492997199,0.518174811824171,0.5826788257202321,0.48620474406991254,0.5315897924536787
0.47794219669219673,0.5022648870518671,0.4449279609279609,0.45559531108053514,0.45434173669467787,0.5862443860225655,0.5388854983334116,0.5597378277153557,0.48355762410260184
0.42531403781403787,0.49680727919859924,0.5160599104599105,0.44941944326630595,0.47016806722689075,0.5773003614853762,0.6136953664147223,0.5694132334581773,0.4867178454471864
0.48430111555111555,0.4980014351732255,0.5085460317460317,0.46861236823884916,0.4340336134453781,0.51989147614353,0.6275965134657214,0.5337702871410737,0.4807071088652308
0.4538378288378288,0.49385044346852663,0.4765847781847782,0.46409856048792,0.4526610644257703,0.4820982582977324,0.6019365288014648,0.5125468164794007,0.5062578246373611
0.4722749472749473,0.5419653262148741,0.5079886039886039,0.4688515849378404,0.5535014005602241,0.5481018105566248,0.5441270362893761,0.535330836454432,0.47973593803659914
0.4469486531986532,0.5023572548006545,0.5398844118844119,0.4668417532819083,0.49796918767507004,0.532877173215655,0.5501443594197455,0.5023096129837703,0.4577886167394397
0.49292397417397416,0.5181445047217199,0.5020825396825397,0.5015988923602308,0.5481792717086835,0.5013974304805722,0.5850171353457585,0.5837702871410737,0.49484635582756875
0.5477460039960039,0.533856436751916,0.5056293040293041,0.5200333539025537,0.6161764705882353,0.46270832355288477,0.5568549207392455,0.5038701622971287,0.4846905729243323
0.5758727383727383,0.5380265105198196,0.5053362637362637,0.5004940836529994,0.6165266106442577,0.4445335117287138,0.5536148537627341,0.547752808988764,0.4808728127197501
0.4456543456543457,0.5219808834926376,0.4750381766381767,0.4852329127918001,0.6013305322128851,0.5319609408009014,0.6284407617795722,0.4756554307116104,0.5120957742563247
0.4107896732896733,0.5206542208444559,0.4676887260887261,0.4891436294340249,0.599719887955182,0.5839999687025648,0.6213671502120401,0.4375156054931336,0.5265453242285238
0.4689162689162689,0.5033249748844686,0.5170822954822956,0.49875443076496523,0.5558823529411765,0.5092695178630111,0.5903287013129275,0.41666666666666663,0.4802176670918576
0.5612415362415362,0.5097044346852665,0.40531054131054134,0.47204447618392137,0.5180672268907562,0.46216805157817314,0.586348449994523,0.3350811485642946,0.4917653165832638
0.559241452991453,0.4899616521714171,0.47911045991046,0.4967294359268786,0.5647058823529412,0.47299931145642615,0.5221472387837817,0.42103620474406983,0.5097692225138596
0.5017868705368705,0.4717074542897328,0.5439156695156695,0.5017460942501675,0.5901960784313726,0.42716069668090706,0.5913368699435081,0.48370786516853925,0.5306938257371339
0.5285279535279536,0.5152808634002124,0.5524890516890517,0.5173367314704953,0.5832633053221289,0.5272244652050765,0.5805748556405803,0.518227215980025,0.5264421167966769
0.49058857808857814,0.47365001291655906,0.5836027676027676,0.5101379890753714,0.6449579831932774,0.4534168974852511,0.6156381547032221,0.5920099875156055,0.52230271856449
0.5117960742960743,0.47296884525962285,0.4856527472527472,0.5103415494525039,0.6343137254901962,0.5224273508285996,0.6293245231053316,0.5724719101123595,0.525048464611032
0.46342823842823844,0.5008631361405321,0.5199212047212047,0.4989058586590634,0.5406162464985995,0.5635013223166363,0.6039282193324256,0.5043695380774033,0.5506868780560599
0.46929020054020054,0.48769764918625685,0.49884900284900285,0.5281567868720922,0.6569327731092438,0.5477352393471355,0.5552298014177738,0.4774656679151061,0.5345795199022061
0.484438246938247,0.481392588765464,0.48206430606430606,0.5023543231540203,0.6219187675070028,0.5137790870538159,0.5515914745786583,0.48033707865168535,0.5061291236365271
0.4684102934102934,0.5026493068113321,0.48040211640211644,0.49287530522938605,0.5714285714285714,0.5421462998607265,0.5201078196641784,0.4772784019975031,0.49619906090042354
0.5143733581233582,0.4819632825282012,0.42972014652014645,0.4867349921654604,0.5831232492997199,0.4566976511274901,0.4353359779666056,0.4777153558052435,0.4936445920006869
0.5146170958670959,0.5052401733689256,0.4496188848188848,0.4617761715876908,0.5692577030812325,0.4567199505500524,0.4993040232852918,0.5323970037453183,0.4905163320332303
0.5012667887667888,0.49081910502597664,0.42948734228734226,0.47712072406792894,0.5073529411764706,0.48423235215874055,0.5737598391311832,0.4829588014981273,0.5032280392974539
0.4546185296185296,0.482275863256695,0.42691965811965815,0.4422302015371816,0.4303221288515406,0.37218753423156975,0.5401839506752422,0.4373283395755306,0.49099109449868356
0.44635480260480265,0.5043906082264129,0.5060307692307693,0.470164645529979,0.4984593837535014,0.5276074675680328,0.5577472888596781,0.4955680399500625,0.5164348583991561
0.5110796610796611,0.47877955165188435,0.5201321937321939,0.5060470370420481,0.48074229691876746,0.4951066460103594,0.44443688089761046,0.5281523096129838,0.5123305506835762
0.5343122155622156,0.5072620224461093,0.4825904761904762,0.5100774732134437,0.4904761904761905,0.41959375929142606,0.47932843528472835,0.43171036204744073,0.5113071794918969
0.511963036963037,0.48739243950744865,0.41044851444851443,0.4845000379422701,0.4684873949579832,0.4523946450088415,0.502918877048026,0.4345817727840199,0.5085407283847652
0.5128790191290191,0.4787628577169264,0.4442292226292227,0.49425419713078006,0.5411064425770308,0.48386578094925115,0.49749777005774376,0.34918851435705367,0.501426528847569
0.49080109705109703,0.4572199431671402,0.4509509157509157,0.49300520622849325,0.5611344537815126,0.482637356618625,0.48727446285776876,0.361485642946317,0.5034306811027163
0.5427764365264365,0.44921283618932806,0.4581180301180301,0.48838018036990477,0.5851540616246498,0.38321166455408984,0.47345234183058704,0.5225967540574281,0.4786030081235998
0.5199432511932512,0.432337265707971,0.4434998778998779,0.49024368114139766,0.574719887955182,0.35713503278406333,0.44310673990266497,0.450374531835206,0.509045395775074
0.5203185703185703,0.5103055311576108,0.5299929995929997,0.5120394964325442,0.5706582633053221,0.4016337261161448,0.40290244589455887,0.44481897627965045,0.5311107586591767
0.4680252617752617,0.4928363156232957,0.565763776963777,0.4788430795946472,0.6035714285714285,0.40764713706711736,0.43712462638686755,0.44843945068664165,0.5205868570009321
0.51117747992748,0.47137411521570655,0.5213883597883597,0.4317420415843358,0.6166666666666666,0.42610088728228723,0.5352444329687182,0.46647940074906363,0.510421556362328
0.5072816072816073,0.48319206636240997,0.5392029304029304,0.47319795296060496,0.561344537815126,0.4239714880365554,0.5609067649406131,0.48052434456928844,0.5140002166838379
0.4913688163688164,0.5391925370992279,0.48862254782254777,0.5050529699581537,0.47668067226890753,0.4646393753031939,0.5359779666056367,0.5596754057428214,0.5129806277494318
0.4595087782587782,0.5454602485720026,0.4257334961334961,0.4781768207828735,0.4640056022408964,0.4446242742907218,0.5688273633475737,0.5406991260923844,0.5174780950015535
0.4622026122026123,0.5546916157180171,0.37841497761497755,0.5007904439598553,0.4862745098039215,0.5509569190804813,0.5170578846063565,0.4965043695380774,0.49888338678882727
0.4978849853849853,0.49930947501363415,0.4483929995929995,0.47832672392714065,0.4436274509803921,0.4653744738118711,0.5008266435065647,0.49843945068664175,0.49745351467317533
0.5498665686165686,0.4825937024598869,0.5435340659340661,0.48232169005655656,0.5051820728291316,0.4395830399198786,0.45122490336916893,0.4762172284644194,0.4981494638097107
0.49787203537203534,0.5441292689227589,0.5768963776963776,0.4890080490555316,0.5340336134453783,0.44944681783327856,0.45256169506908905,0.48077403245942574,0.4781036060483409
0.4979150479150479,0.5408246964608627,0.5212789580789581,0.48202587643212463,0.5855042016806722,0.4611743580113609,0.4266853668841838,0.4125468164794007,0.4867058987064383
0.43943140193140195,0.5447322368609891,0.5493258445258445,0.47506063135545273,0.6007002801120448,0.5778281144860179,0.4548276293757727,0.4724094881398252,0.4942326571162243
0.4407717282717282,0.5187020063721692,0.4727700447700448,0.5031343452448531,0.5850140056022408,0.4820333161197441,0.47836877767866925,0.44987515605493134,0.4722440933212318
0.4257968882968883,0.46164961106805597,0.4780229548229548,0.5003697039895071,0.5588935574229692,0.5073513763047119,0.45399277029247453,0.4520599250936329,0.47046744734173906
0.39398171273171273,0.4646593874680674,0.48293268213268215,0.47352873112224997,0.4822128851540617,0.5043491698355319,0.37943719387196223,0.4824594257178528,0.46000940990449557
0.5288947163947164,0.46953332759264044,0.45892389092389096,0.4754804560053005,0.501750700280112,0.3985556233666651,0.4849979656667136,0.4722846441947565,0.5112529180771558
0.5034090909090909,0.5032787393438388,0.5096126984126984,0.48588508100135436,0.5032913165266106,0.35686509240567743,0.48012260770229875,0.4455680399500624,0.5254989635971151
0.4862267362267362,0.4669999483337639,0.5277886853886853,0.4749217124493589,0.5567927170868348,0.45935636824562226,0.4056358856391718,0.4729088639200999,0.4998800143910775
0.5129238816738816,0.4887566233244353,0.5351355311355311,0.45792207226365156,0.5137254901960784,0.5088039685147803,0.45860405614759864,0.4867665418227216,0.46646625864691166
0.5783475783475782,0.4661657338040702,0.5094928774928775,0.47367240114568016,0.46484593837535015,0.44703182949157316,0.5112119149335712,0.44419475655430707,0.5007722872614434
0.5755869130869131,0.5155032922873791,0.47658705738705737,0.47337952329214195,0.5873249299719888,0.5128296011141886,0.5130975854028762,0.43008739076154806,0.5185113380840243
0.5906103156103156,0.48988980165906026,0.43820203500203503,0.47911690042830646,0.6509803921568628,0.539944525296152,0.5452944306214105,0.512047440699126,0.5215087470768124
0.46810920560920566,0.45909248830333826,0.421835409035409,0.4692608281062219,0.5513305322128852,0.5316647888205561,0.4856434752672019,0.49332084893882644,0.4803022213159659
0.48112813112813113,0.4565075691035908,0.4600045584045584,0.4553244840586581,0.6304621848739496,0.5182428837456771,0.3483584495250614,0.4619225967540574,0.47019809246676153
0.4552533115033116,0.49475556703694135,0.42786064306064303,0.49014515830162164,0.4920868347338936,0.46737633600926404,0.40320720466957727,0.46541822721598003,0.5064650132258908
0.436526899026899,0.5010867935359797,0.4421473341473342,0.49111739730537335,0.4579131652661064,0.3956265746522073,0.42285456081874084,0.3273408239700374,0.5015138013295393
0.45371873496873494,0.5182237836906914,0.43511501831501836,0.479941816754326,0.39880952380952384,0.5068177550349748,0.42726084847346757,0.46498127340823975,0.5043378816497408
0.5315719003219004,0.5059172651339017,0.49362214082214084,0.47562174360711973,0.5646358543417367,0.519818318388808,0.40802114141746076,0.5522471910112359,0.49387713004300976
0.5534035409035409,0.5013124486925572,0.43060643060643056,0.48591919531798267,0.6393557422969188,0.4754882399887329,0.4340304837018606,0.5704744069912608,0.5054812936433957
0.5342174029674029,0.5131681621171676,0.4833110297110297,0.49278488654476893,0.546218487394958,0.4895443093438493,0.466643584808225,0.47927590511860174,0.523830579813243
0.5323597698597698,0.5232954906857257,0.4930582010582011,0.4853834904653135,0.5279411764705882,0.5008176454939517,0.5150990563823294,0.5219101123595505,0.5145451044784053
0.5531207218707219,0.5036291627199404,0.46861245421245423,0.49152732716021424,0.6591036414565827,0.4497879598766882,0.471191884575059,0.5700374531835205,0.5151261984047164
0.47545556295556296,0.49345177530927986,0.4512664224664224,0.5118243631728209,0.5651960784313725,0.46804258016055583,0.5470020969281568,0.550936329588015,0.5311151884127295
0.4882316757316758,0.5184386578259996,0.46895824175824175,0.4846011518371216,0.559593837535014,0.4539160915762953,0.4664049418650141,0.44581772784019974,0.5175291204680371
0.44005624005624,0.52315704813571,0.4717111925111925,0.46871565160799733,0.6034313725490196,0.5091239847894464,0.44085723674944843,0.4584269662921348,0.4964035445183077
0.4688135938135938,0.5065030454375844,0.46782775742775745,0.49340065723463,0.5936974789915966,0.43385326197518115,0.4643627842198331,0.39294631710362043,0.5129024483229488
0.5184114496614496,0.5014410976204827,0.5377953601953601,0.5169549910556246,0.6168767507002801,0.5287580395286607,0.4308862651205733,0.4800249687890137,0.5076877856751543
0.5753415565915566,0.4954651626051264,0.5211493691493692,0.4803195896038572,0.5584033613445378,0.5806049794219363,0.41615495360155225,0.37883895131086137,0.511216488617966
0.5417494542494543,0.534597433910273,0.514766625966626,0.471630621510071,0.4402661064425771,0.5985000704192291,0.43779791246107386,0.45362047440699127,0.5254339620230911
0.6024672087172087,0.5315962455868423,0.5248950752950753,0.4714881209321131,0.5415966386554621,0.5830829538519319,0.4661193527690406,0.3138576779026217,0.5398161979345534
0.5124847374847374,0.4617290852205862,0.5278472934472934,0.47073756674947304,0.5172268907563026,0.45242828975165483,0.5328137959094252,0.4237203495630462,0.515411678850022
0.4883921633921634,0.4911073452165676,0.49906520146520145,0.44293886745363054,0.5612745098039216,0.47477231115910057,0.5606747727023771,0.5339575530586766,0.469235791877218
0.47181152181152186,0.4622578030368265,0.4504989824989825,0.45773885992400165,0.6427170868347339,0.4873679639453547,0.5427718573462904,0.549250936329588,0.4756384200886359
0.41573102823102825,0.5154395246706278,0.47693838013838014,0.4458806930317404,0.6009803921568628,0.5502480321737634,0.5239194560505765,0.515230961298377,0.4941399654941209
0.4530959780959781,0.5331709291311462,0.5779614163614163,0.4354541517177064,0.6332633053221289,0.4394042533214403,0.48965580645666085,0.4722846441947565,0.4764404492510098
0.5415667665667667,0.5379138436809323,0.5426862026862027,0.43986896288971467,0.6391456582633053,0.483554371469258,0.3885247953930176,0.41629213483146066,0.47328312860799027
0.526251295001295,0.5161291885530583,0.5090894586894587,0.4710032971538592,0.5593837535014006,0.5138033425660767,0.414021250958484,0.47952559300873904,0.5112308326791934
0.5665732415732416,0.5150444387037515,0.525032153032153,0.491931483123141,0.4550420168067227,0.4843606716429589,0.4862224778179428,0.4370786516853933,0.48865343924266946
0.5170986420986421,0.4877613593960791,0.4973981277981278,0.4490143394329209,0.3952380952380952,0.47641738259549626,0.49330195765457024,0.39993757802746566,0.46229641684655515
0.555442242942243,0.46761618875398253,0.4999228327228328,0.4313832116337471,0.5195378151260505,0.45921474735145457,0.481464485235435,0.41498127340823976,0.4864508413874307
0.5002377252377253,0.5010820057980998,0.5273549857549857,0.4580152141640161,0.48424369747899154,0.46781997715287227,0.37637473984007014,0.4117977528089887,0.5275166018659341
0.49834586709586703,0.463453577886851,0.5981395197395197,0.4816420312507047,0.5892156862745098,0.586562837425473,0.3895599580614369,0.4205368289637953,0.4993451942182211
0.5300472675472675,0.4939385975487241,0.5694228734228735,0.4861868618566064,0.4477591036414566,0.6034708855609283,0.37851078979077657,0.47322097378277145,0.511547332642398
0.4663267288267289,0.4859817445965728,0.5952758648758649,0.4925070353988635,0.4817927170868347,0.5162441512918016,0.40593321127333615,0.43601747815230957,0.5225318331043844
0.5244026806526807,0.5317028617354114,0.5742007326007326,0.49703228936206595,0.5130252100840336,0.47751435769838657,0.3432659656041187,0.35568039950062424,0.5200282552658262
0.5676409238909239,0.5029785929561699,0.5097152625152624,0.47882507123244533,0.5687675070028011,0.49091357213276365,0.507687823732845,0.4689138576779027,0.5224180173633257
0.5410957098457099,0.5190772295416057,0.5231788359788359,0.48041364094219974,0.5245098039215687,0.47980963335054694,0.41876163873370575,0.5568664169787765,0.500267116490049
0.5816727254227254,0.5161731278165276,0.5273419617419617,0.5076559269453453,0.3819327731092437,0.5115393643490915,0.4155845578454846,0.5644194756554307,0.5190999535969516
0.5148020960520961,0.476514676081403,0.5805170533170532,0.5038243812125566,0.39306722689075635,0.5354114830289658,0.45987042861837474,0.4920099875156055,0.5248480514808093
0.5042085229585229,0.4842569534142772,0.5902844118844119,0.5075531973176481,0.3894957983193277,0.48933344287435643,0.4036617999154969,0.43913857677902624,0.533493768295475
0.549068524068524,0.46541709004276816,0.5868428164428166,0.5049666513917166,0.4661064425770308,0.5027389167957687,0.32717673661643426,0.49219725343320847,0.5212852693829826
0.49163244163244163,0.5175545911191481,0.6137501017501017,0.49318305959014896,0.5432072829131653,0.5860382141683489,0.32939533355241535,0.4653558052434457,0.5230793144613977
0.5691350316350317,0.5176295760498293,0.5746510378510379,0.5211175953502973,0.5208683473389355,0.5430492308655305,0.37866492965901444,0.42546816479400745,0.5480741743528104
0.5235475172975173,0.4978296851229943,0.528449654049654,0.5001836621565368,0.511484593837535,0.537276810165407,0.5022299422562321,0.48982521847690386,0.5336831806325533
0.5722460409960409,0.5104946525445622,0.499691982091982,0.4944928844027466,0.5856442577030812,0.5190636589831463,0.33607107647528284,0.41242197253433216,0.519482266165432
0.5443260443260443,0.4795490800539626,0.5338360602360602,0.4944715543761752,0.49789915966386555,0.5249385787834686,0.3295048745755285,0.4953807740324594,0.4990223056591277
0.5703965016465016,0.5030913057206005,0.5483646723646725,0.4881350991881531,0.4544817927170869,0.45649343536297204,0.5122063909362627,0.5184769038701622,0.5253273086027572
0.6065910940910941,0.4954427968655817,0.47721579161579164,0.4475180421867062,0.40217086834733895,0.40103438023253996,0.47384395098821647,0.5383895131086143,0.5225105592487203
0.6082362082362083,0.5012740319756595,0.5089891737891739,0.4747451916751326,0.46379551820728293,0.42205530256795454,0.45717376336009263,0.6049313358302122,0.5227472572118922
0.6213122525622526,0.48331208128821157,0.5441422873422873,0.49720213308109085,0.54390756302521,0.41657512166877925,0.4675856376069981,0.6176654182272159,0.5204461106273202
0.5174651737151738,0.49445585694193295,0.5618875050875051,0.4709463664933088,0.525280112044818,0.40019365288014647,0.5151553917656448,0.5697877652933834,0.5253137801722023
0.5517202704702704,0.49332252934929255,0.4897514041514041,0.4686455688036498,0.6151960784313726,0.4566471840132701,0.40063846767757383,0.45761548064918856,0.48914029767453265
0.5116957116957117,0.5188497718074572,0.5156190476190476,0.4696791083978303,0.6653361344537815,0.5499667464751263,0.3678712267029717,0.48395755305867655,0.49583461248344207
0.5315934065934067,0.49438700307127065,0.5422932030932032,0.4857909778968139,0.5754901960784313,0.6011861727931397,0.47828349216781685,0.5021847690387016,0.5090360323758361
0.5114670052170052,0.48326444501851373,0.539133251933252,0.510136656487942,0.5794817927170868,0.5859400184654867,0.48785776880584636,0.5274656679151061,0.5213166154597785
0.5506937506937508,0.45756666953701314,0.5336407000407,0.49411674258061955,0.497689075630252,0.5855937905888612,0.6139660892289877,0.4297752808988764,0.5586305831861519
0.5619036056536058,0.47209483624673504,0.48486479446479447,0.5043734790002771,0.4000700280112045,0.6124767225325884,0.6237332363112843,0.44369538077403253,0.5456691442214918
0.5295817608317608,0.5285068802204427,0.5053525437525438,0.5058243219951634,0.5249299719887954,0.6138377697447694,0.49881226233510156,0.42915106117353313,0.4951126750846294
0.5826523014023014,0.5313702115445335,0.5104029304029305,0.5013898882967804,0.6205182072829133,0.6100797302161088,0.5404296355413674,0.46398252184769034,0.5249536276145154
0.6130522255522255,0.557154304084503,0.43931037851037846,0.47045510252942585,0.47058823529411764,0.5876390779775598,0.6595124642035585,0.4776529338327092,0.5324424832172234
0.5988453675953677,0.5396501162490314,0.44121416361416366,0.46094296404229695,0.5974089635854343,0.4734859865734003,0.6425281285698637,0.39975031210986267,0.5224451013099152
0.6126061438561439,0.5617929676511955,0.4763425315425315,0.45761558303739347,0.6331932773109245,0.5636441168646229,0.6306804844842965,0.3438202247191012,0.5153142488021064
0.5998233248233248,0.5195431901030455,0.4942837606837607,0.47345593372985456,0.5191876750700279,0.587076115362346,0.5351783171369107,0.38108614232209737,0.49258937084007914
0.5146016021016022,0.5254436924136743,0.4160306064306064,0.4911886385744843,0.45140056022408964,0.618134516376383,0.5406753204074926,0.4671660424469414,0.49381038477734707
0.5192372442372444,0.4899411234536009,0.5055938135938136,0.5043361469438433,0.5793417366946779,0.5603113312364051,0.5085238564699622,0.5169787765293383,0.5288201416826113
0.5491503866503866,0.4819142799735928,0.5076336996336996,0.48330696394582356,0.5126050420168069,0.551918532776239,0.5104306527080105,0.44581772784019974,0.5214991031128882
0.47925986050986047,0.530659640058555,0.5905650793650793,0.4648828254461452,0.45133053221288516,0.5531567375553573,0.43744894605887047,0.4314606741573034,0.5025155072037155
0.5134844322344322,0.5361443095381613,0.5871225071225071,0.469918750599282,0.4046218487394958,0.5573717196375758,0.6010069949767617,0.4715980024968789,0.4872370020360104
0.46709563584563585,0.48329888917592356,0.549032153032153,0.513901333234507,0.4328431372549019,0.5583622834608704,0.5415825548096334,0.4216604244694132,0.4864394348231369
0.518525456025456,0.47888418152070955,0.5429834757834758,0.5054078723445559,0.555952380952381,0.4772127286668858,0.40571804140650664,0.4952559300873907,0.5051819735400416
0.4992840492840493,0.48840709549642647,0.531107203907204,0.5274184597085444,0.5266806722689076,0.3568866093923603,0.468246795925074,0.5738451935081148,0.5250078287257355
0.48778189403189404,0.4625430236229513,0.536011396011396,0.5172516172524972,0.5453081232492997,0.3895016665884231,0.4623988701625901,0.6517478152309613,0.5322689915207117
0.5099900099900101,0.43468288986480663,0.5079231583231583,0.49529337767186626,0.5423669467787114,0.4946387493544903,0.5084440480102655,0.5681647940074906,0.5308820391584489
0.5277800902800903,0.5236879474152529,0.591546113146113,0.4539831116700815,0.5383053221288516,0.6146616747257562,0.6226659937718104,0.4373283395755306,0.5204807769750937
0.5356060606060605,0.5104497603260714,0.5591140415140415,0.47554854973270794,0.43242296918767503,0.5456750856767287,0.5490278234198707,0.5134831460674156,0.5147493095757902
0.4781806156806157,0.4775647177014265,0.4877173789173789,0.49052202798786554,0.43459383753501396,0.5642665446066695,0.49942530084659553,0.5981897627965044,0.5187702517620892
0.48583939208939214,0.44488229857343786,0.49610061050061044,0.5091065836603527,0.5029411764705882,0.4153580426584041,0.5030890568517911,0.6070536828963796,0.5142456581464946
0.5770854145854146,0.4990297540113092,0.542576800976801,0.4980057060468214,0.5376050420168068,0.47882767632192547,0.4664898361579269,0.43383270911360794,0.5114897366473695
0.48679260554260556,0.4869391658773214,0.5666715506715507,0.5179537935701284,0.4011904761904762,0.5255895654351125,0.37758868910692767,0.5231585518102373,0.5002594865615138
0.5600906038406038,0.48051449237923016,0.526140170940171,0.5037660626688651,0.555952380952381,0.4513665242633366,0.39742461230302173,0.44706616729088644,0.515905545777527
0.575925000925001,0.48240498292143863,0.522215059015059,0.5010767871152365,0.5908263305322129,0.44713902320704824,0.3159167018762813,0.5119850187265917,0.5100237289244305
0.49536181411181407,0.5282026694221992,0.5088221408221407,0.4935553220847738,0.488095238095238,0.5390455064707448,0.3535553886359013,0.5456304619225968,0.5047182450857741
0.579508917008917,0.47979722724532853,0.5723379731379732,0.4880401266467877,0.48193277310924365,0.536716586075771,0.34370178238893323,0.4499375780274656,0.49404263867765613
0.6091519591519591,0.45566263095955684,0.5213160765160765,0.482996427544088,0.5162464985994397,0.48795870303428635,0.43297849866203464,0.450187265917603,0.48185226046214974
0.5486904299404299,0.45887503085622433,0.5168576312576312,0.5217974623974456,0.5293417366946779,0.5229817066491401,0.4895994710733456,0.5063670411985018,0.46912521157336995
0.5126045251045251,0.4727273113464795,0.517361334961335,0.519079196988619,0.52703081232493,0.5333697166017245,0.4184697901506972,0.5192259675405744,0.5038523146331093
0.5213231213231213,0.46583665432417687,0.41979584859584856,0.48580865958293307,0.5556022408963586,0.4345715381124517,0.36590887751748746,0.619350811485643,0.5033493444291812
0.5264938764938766,0.5152584976606677,0.5297374033374034,0.5164258146264216,0.3780112044817927,0.5140153826893885,0.3882251224512151,0.49612983770287133,0.45744608098660644
0.4227670477670478,0.527664548350986,0.5072927960927961,0.5095896336619898,0.4744397759103641,0.4820434877861759,0.4070802622725068,0.48957553058676656,0.47296177421135255
0.46226227476227477,0.5004774763914004,0.5256957264957265,0.5215187853453814,0.547829131652661,0.4966812982176111,0.4592933821573322,0.48707865168539327,0.5066712691540336
0.44226444851444846,0.5005528402078131,0.5576107448107448,0.5196772385400129,0.3303921568627451,0.5371218878612898,0.38420105472356536,0.43414481897627966,0.4832649859359924
0.4996521996521997,0.5013688222968512,0.5077756613756613,0.5425055224140776,0.5642156862745098,0.5622412093328952,0.5186016305963725,0.45,0.4902037543541187
0.4621251433751434,0.5115348890611097,0.5373431013431015,0.5304257856059772,0.5053921568627451,0.5456347902289407,0.5398666729261536,0.45024968789013736,0.5127540444242751
0.4344174344174344,0.5013451132351674,0.5336006512006511,0.5083972949808554,0.413655462184874,0.5473976182651832,0.4401683019576546,0.5043071161048689,0.5122121273446826
0.48053936803936803,0.48942426590889526,0.5413108669108669,0.5182357111077515,0.5053921568627451,0.4479347604963773,0.3556085003833936,0.5795880149812733,0.5008509378730641
0.5357406482406483,0.45845366399724446,0.5651985347985348,0.5033039626828459,0.49607843137254903,0.5296171541242196,0.45650438946528327,0.5838951310861422,0.5133798212153919
0.5674119861619861,0.49838522345647124,0.571152787952788,0.5182490495314276,0.46827731092436975,0.6093700608735115,0.33289477802294104,0.4577403245942572,0.5263659381183665
0.5782835220335221,0.5043811360831253,0.5306490842490842,0.5198274138489875,0.3834733893557423,0.6046382798929628,0.37072164061155194,0.40674157303370784,0.46888613059902867
0.5052373552373552,0.4624727345790637,0.5921185185185186,0.49942132449700016,0.43277310924369755,0.5611735755754816,0.4272334632176893,0.4205368289637953,0.4857315987383277
0.5037552725052725,0.4875595051522719,0.6060669108669108,0.5205326322150855,0.44082633053221293,0.6025155313522056,0.420210709982317,0.5657303370786517,0.4554705887463409
0.4583955396455397,0.48946559889778696,0.5646218966218967,0.5436812661070819,0.5017507002801121,0.5681114345179413,0.47428172386272943,0.5542446941323346,0.4932728974513075
0.49946673696673705,0.5339371049685697,0.5216361416361416,0.5482257449381385,0.4712885154061624,0.5087190742218675,0.535533543026149,0.49382022471910114,0.5258019121326596
0.5457001332001332,0.5136531588162692,0.5093587301587302,0.5448616785621077,0.5072829131652661,0.3622901115753564,0.44780957075567657,0.5189138576779027,0.5499724152275588
0.5933233433233432,0.47241006917534945,0.528311925111925,0.5297417651057785,0.574719887955182,0.409487817473358,0.4311252992817239,0.39207240948813976,0.5243294222922696
0.6240946553446552,0.5103669795344299,0.49981408221408224,0.5100687890415665,0.5083333333333333,0.4255504436411436,0.3720564762217736,0.41710362047440697,0.5053008634646519
0.5756653069153069,0.5256994976893711,0.5059282051282052,0.5125980635128111,0.46680672268907564,0.43628820243181077,0.3059950237078072,0.515980024968789,0.5196442260911871
0.5743254430754432,0.5425241482246907,0.4732336996336996,0.5286986934721452,0.4564425770308123,0.45844952506142117,0.5086689983255873,0.45068664169787753,0.5421201419892394
0.5545921670921672,0.518904985791785,0.48980936100936096,0.5086583809376466,0.5173669467787115,0.5045326510492465,0.5779177033942068,0.47808988764044935,0.5383815643959836
0.5754178691678693,0.5107000660179682,0.4930428978428978,0.490956719340734,0.5471988795518208,0.5636769791715569,0.45930159773406565,0.5229088639200998,0.5030477624327463
0.6377428127428127,0.52952681764689,0.4816280016280016,0.486319294693396,0.5066526610644257,0.4985004616371689,0.4249831776285934,0.49219725343320847,0.5123469885034915
0.6265937765937766,0.4767234421194638,0.450658201058201,0.4730015194555608,0.5205882352941176,0.5164554089792343,0.5402246373409699,0.5101123595505619,0.5138847737698081
0.5875235875235875,0.4917231837882833,0.5167407407407408,0.48885784707912167,0.4958683473389356,0.5235700984304337,0.41391601333270733,0.5360799001248439,0.5179544565324045
0.5773823398823399,0.47809086368724696,0.4983729751729752,0.49269358861912294,0.4598739495798319,0.5459454172730546,0.4665489100668201,0.46348314606741575,0.5354853677083845
0.5745627058127059,0.45755538333476853,0.4515327635327635,0.49742852156719025,0.5266806722689076,0.5598723847080731,0.49837801042204594,0.4598626716604245,0.5258855101882289
0.5730642043142042,0.44154759895519397,0.5038749694749695,0.508736520444805,0.5415266106442578,0.5430879614415598,0.49630181681611196,0.4928838951310861,0.5408435420039576
0.601936026936027,0.4765680071184592,0.5384918192918192,0.5015691997396787,0.5450280112044817,0.48680539254808064,0.42957412015085367,0.5253433208489389,0.5447396446589479
0.5630096755096755,0.4948245586842332,0.550231339031339,0.5171263826624022,0.5193977591036415,0.4223432389715662,0.42854521696946934,0.48920099875156053,0.5315055872745262
0.4978058978058978,0.5549575475759925,0.5294772486772488,0.5219537233720265,0.42584033613445377,0.47931396022095984,0.47835860601223734,0.4513108614232209,0.5528307091080803
0.5516650016650017,0.4944211946381928,0.5420656084656084,0.49925568638939194,0.5019607843137255,0.4706164029857753,0.5237531884262084,0.49818976279650434,0.5347502279268672
0.5255193880193881,0.5223641551135222,0.5617969881969882,0.5097702474953689,0.521498599439776,0.48107209364192605,0.47096928156737555,0.5884519350811486,0.5087040313414775
0.5395784770784771,0.5231690347024887,0.5932340252340251,0.5173160265599812,0.6318627450980392,0.5041339999687026,0.3738838552180649,0.5371410736579275,0.4946271826808288
0.546487308987309,0.4811801486839461,0.5741320309320309,0.5277777332013295,0.5447478991596638,0.5559449478115268,0.4790334569582022,0.4259675405742821,0.5366055291174018
0.5089084526584526,0.5050177215189874,0.5268574684574685,0.5070495200547938,0.37240896358543424,0.534002316010203,0.5200123624868941,0.43008739076154806,0.5372994320226006
0.5091605154105154,0.5195489537587188,0.5378331298331298,0.5094253450050423,0.46827731092436975,0.4581103391077102,0.45941583337245506,0.5036828963795257,0.5373333706397487
0.5281618844118843,0.4969123798042424,0.5047029711029711,0.5158725524049419,0.557703081232493,0.4978193512041688,0.4659065302098493,0.43426966292134833,0.5415024652897023
0.5253168128168129,0.494114733488332,0.4951045991045991,0.5162591062918873,0.5429971988795519,0.4437424690546609,0.5332750418603195,0.5016853932584269,0.5250197386711148
0.5144815832315832,0.5411064611498608,0.5109382173382173,0.5127701500415796,0.572829131652661,0.39182002409902505,0.643522995790495,0.5939450686641697,0.4887821821493402
0.5231025918525918,0.5589463991503774,0.5418546194546194,0.5045999702344363,0.5769607843137254,0.4627490102186126,0.5650215952302708,0.5674157303370786,0.5008551115921765
0.4910489972989972,0.5277077642871495,0.4934811558811559,0.49316579007277267,0.6144257703081232,0.46513700452247936,0.5527960346149634,0.46061173533083644,0.4909960792490474
0.5472999222999222,0.5595285283733746,0.5439807895807895,0.49004021253161606,0.6127450980392156,0.5202060153670407,0.5440057587280722,0.5858302122347067,0.4687971047155308
0.55493857993858,0.543612778782399,0.5129680097680097,0.49784082011775627,0.6235994397759104,0.42688410559754625,0.4612756834577406,0.6307116104868914,0.49339488380840246
0.48874666999667005,0.5092074858635437,0.51065754985755,0.4887222619946104,0.45,0.4892524607608406,0.5085571099948358,0.5642322097378276,0.47745504883563095
0.49379671254671254,0.4903709865380751,0.5817764753764754,0.4726516956469138,0.4393557422969187,0.5125170179803764,0.5311867204982551,0.536641697877653,0.5017028084065152
0.500165343915344,0.5409735296650305,0.5055798127798129,0.49360496979030566,0.5344537815126049,0.4878385991268015,0.515056804844843,0.4935081148564294,0.4951636162283929
0.519029119029119,0.5674809724733776,0.538210175010175,0.49281709178676325,0.4004201680672269,0.487715756693739,0.5533014881930425,0.5098626716604245,0.5066624132242554
0.4988849113849113,0.5407281265248716,0.499749938949939,0.4781670530503527,0.4920168067226891,0.5640091232023534,0.5468280049449947,0.48726591760299626,0.5166917386220543
0.45782550782550785,0.507467114440713,0.5274539682539683,0.47308188647790433,0.5148459383753501,0.4922405833841916,0.45241577077758477,0.5378901373283396,0.5076790743716167
0.4783131220631221,0.509300324349149,0.5521657305657305,0.48649337892680433,0.4227591036414566,0.38207635009310986,0.48419909863386695,0.49837702871410733,0.508517020413253
0.5207040644540645,0.5141800051666235,0.5348336996336995,0.5102564160182657,0.48578431372549025,0.4204524826690452,0.5272401139226641,0.5197877652933832,0.5257700621637312
0.514510952010952,0.5725812796004478,0.4967290191290191,0.4691618664302677,0.5782212885154061,0.4982465611943101,0.527098884246436,0.43520599250936326,0.4758368227607974
0.5204913142413142,0.5396879014897097,0.530589824989825,0.46993414947450446,0.49138655462184877,0.4299477332832574,0.5237359748368622,0.46392009987515603,0.4915770377479599
0.469067044067044,0.5269545624156835,0.5634233618233618,0.45698566723393796,0.534453781512605,0.4235728369560115,0.5328490055239973,0.43501872659176033,0.5095685901445649
0.43596195471195476,0.5350986997330578,0.5589603581603582,0.5083098108906275,0.45406162464985994,0.41598790354130477,0.578212681720733,0.4872659176029962,0.5220383622381397
0.5167529230029231,0.5258436350067454,0.5204037444037445,0.5202549528388367,0.5679971988795518,0.43626668544512776,0.6014220772107726,0.5729088639200998,0.5158059386702971
0.5429706867206867,0.5371508022618331,0.46014847374847373,0.48809239717301656,0.5821428571428571,0.5043104392595026,0.5577159914245028,0.58270911360799,0.517568529841044
0.5136356698856699,0.5127723298602141,0.47417273097273094,0.4844999206839883,0.4507002801120448,0.580599111152841,0.4428610550365398,0.5818352059925094,0.5177564269243978
0.49233081733081735,0.4907308590946927,0.4780542124542125,0.524928369896152,0.5261904761904762,0.5696989969172026,0.482015711312458,0.5333333333333333,0.490139638424177
0.5239475801975801,0.5163556014810987,0.47546764346764353,0.5166804035332,0.5881652661064425,0.4536481072876077,0.4521935589878409,0.5058676654182273,0.5221804567531767
0.5335139397639399,0.5262501679152674,0.463152787952788,0.5160304832315754,0.5449579831932774,0.5163051812903932,0.502375084111857,0.4833333333333333,0.5013259093566533
0.5154565342065343,0.5573637245615546,0.4616586080586081,0.47462661845351234,0.5123249299719888,0.5076377478365648,0.5306503607029404,0.47808988764044946,0.5285172631604769
0.4581219706219707,0.5626986078819713,0.5174795278795279,0.4836016045952697,0.5715686274509804,0.4515859975275026,0.5824832167503873,0.45387016229712857,0.5258359631801011
0.46839433714433715,0.5372887281494876,0.5076877492877493,0.5013445391465206,0.5663865546218487,0.4402563259940848,0.45915097882728506,0.43895131086142325,0.53945422656135
0.5585347522847522,0.5473021154453342,0.5024599104599105,0.5077193072035606,0.527170868347339,0.5780964899926451,0.39635463123797005,0.49007490636704115,0.499641017739456
0.5745664058164058,0.5450533712219064,0.5775579975579975,0.5255560679886264,0.5641456582633053,0.5550670547548628,0.4340343958812575,0.4900749063670412,0.5026980081440416
0.5764182576682577,0.5259528574298917,0.5553875457875458,0.4912506780097387,0.5923669467787114,0.5680504045193496,0.5394300737054598,0.5636079900124844,0.5042294513197272
0.5422369297369298,0.5164886707425586,0.4886671550671551,0.4767334493758938,0.6689775910364146,0.5129735693159946,0.49071600707322033,0.5649812734082397,0.49523931043434893
0.48737604987604993,0.5349234937856999,0.5158638990638991,0.4999876361142174,0.5444677871148459,0.5159628655931646,0.5498329499397524,0.5626092384519351,0.48213994147492195
0.508016058016058,0.5305068457762852,0.5319306471306472,0.4927494612099603,0.5893557422969188,0.564624117803546,0.4035639954305744,0.565043695380774,0.516836383771607
0.5392653642653642,0.5346978156663509,0.49907008547008547,0.5068050494788772,0.5653361344537814,0.5213604995070654,0.475507018449838,0.49456928838951314,0.49716371179414215
0.5488375050875052,0.5471969459513764,0.4109284493284493,0.5012994319640194,0.5651960784313725,0.5251150180742687,0.4318607890083407,0.4868289637952559,0.5023278528675857
0.4575838513338513,0.5362116823100548,0.48003874643874644,0.5113197921587151,0.6193977591036415,0.5251189302536657,0.4151581302912226,0.49594257178526846,0.5083538344862549
0.4952579827579828,0.5187350038749676,0.4621352869352869,0.49362058631886063,0.5668767507002801,0.47971652348090077,0.46386945839788424,0.47147315855181027,0.5200295093746423
0.5033524346024345,0.5244137202560348,0.5498568986568987,0.4857223531737091,0.5869747899159664,0.4923818130604197,0.3861735755754816,0.5134831460674156,0.518639573521235
0.4772951585451586,0.5208188983610322,0.551850875050875,0.47707186344390706,0.6175070028011204,0.48122818959986235,0.3790479320219708,0.47777777777777775,0.5108131771369934
0.48762834387834386,0.5231025574786876,0.5233380545380546,0.4938155386047402,0.607563025210084,0.5830395286606261,0.5075497238001345,0.4974406991260924,0.5143539208531619
0.4784130221630222,0.5124609431958438,0.5693404965404965,0.4850766286792972,0.5624649859943978,0.5520695429009592,0.4647379622239957,0.46254681647940077,0.46548726778033983
0.46001429126429133,0.5029417721518987,0.5083607651607652,0.5002779248735209,0.6046218487394958,0.40347088556092825,0.49684600097022047,0.47172284644194756,0.5050761127532748
0.48707056832056833,0.49172614598582054,0.44862450142450144,0.5021361851018059,0.5037114845938376,0.4050701844983804,0.5420524075552009,0.502059925093633,0.5311973366285629
0.4822177822177823,0.5428367978414995,0.456738787138787,0.5013831288862639,0.5504201680672269,0.5139473107678826,0.5518191634195577,0.5043071161048689,0.5449564071979918
0.474281043031043,0.5107174947616178,0.4753536833536834,0.5252644756623377,0.45938375350140054,0.5538754049105676,0.5867193246013489,0.46042446941323345,0.5274540630263781
0.5182107244607245,0.5217714859783575,0.4902870166870167,0.48232906360242145,0.4981792717086835,0.512593305478616,0.4502738525577829,0.4631086142322097,0.5317499514505551
0.5230813168313169,0.5105015528574299,0.48978168498168495,0.4776649899516713,0.3568627450980392,0.5462208347025961,0.49125823513763045,0.49082397003745315,0.5079515440767634
0.5036710974210974,0.527884508740205,0.49040553520553515,0.47967971037596574,0.3831932773109244,0.47178927436896545,0.5030076835203354,0.4097378277153558,0.5077077343864985
0.44107142857142856,0.527320692327564,0.47080048840048844,0.47923121391930323,0.5096638655462185,0.555717650188567,0.4770840179647278,0.3664169787765293,0.4850983284681679
0.4875605875605876,0.5079401934613508,0.41440586080586084,0.46318179484781224,0.41785714285714287,0.5065309922851823,0.4504585074253164,0.3736579275905118,0.48923348347887946
0.51999296999297,0.5319962111426849,0.39968351648351647,0.4766493944041132,0.4409663865546219,0.4452506142121653,0.4920610143498741,0.47215980024968784,0.5043771785924545
0.5286544474044474,0.511603559229599,0.478580056980057,0.5121911384504612,0.5211484593837534,0.43608555153905143,0.4469930989155439,0.47990012484394506,0.515014265871069
0.5442809505309505,0.5151320187146589,0.516602035002035,0.5071533038305222,0.5049019607843137,0.466227328920395,0.4682690953476363,0.5128589263420724,0.5106227994325336
0.5172558922558922,0.5214865065013348,0.5188870980870981,0.5197221692468391,0.5953081232492997,0.35707361156753203,0.42633366195640265,0.544756554307116,0.514461585635088
0.5389765327265328,0.44965124142484003,0.46435164835164827,0.516250263684071,0.4644957983193277,0.3545490822027134,0.5314507926075458,0.4893882646691636,0.5106846253618211
0.49481328856328854,0.4789242171130056,0.4595435083435083,0.5256760161518381,0.5753501400560225,0.4085946669170461,0.5545713816252757,0.5078027465667915,0.5138972611980571
0.475251369001369,0.49305985820488535,0.36673211233211234,0.49475208403065735,0.49369747899159666,0.5434248000876328,0.4976972912069855,0.4770911360799001,0.5314422087850985
0.5169730732230733,0.5009300955825368,0.5154246642246642,0.501687753745059,0.4706582633053221,0.5506822840868192,0.44679944603539745,0.4920099875156055,0.5173203179937529
0.5167876105376106,0.5246245988690836,0.5428463980463981,0.5184397938528816,0.4763305322128851,0.45056765723048997,0.4945749808303209,0.4345193508114856,0.5180001144744804
0.5192205942205943,0.5345941731967049,0.47978184778184774,0.5087069717499701,0.40329131652661065,0.42061170837049905,0.4450683066522698,0.432521847690387,0.5130193702063811
0.4684674122174123,0.5410255403427193,0.4920436304436304,0.5232296997580127,0.46267507002801117,0.49048792701438115,0.42373440996510336,0.6282147315855181,0.4949859835197632
0.49695235320235326,0.5089464565573065,0.45755799755799753,0.5317800971910367,0.4469887955182073,0.472721937937186,0.4359149805173466,0.6485642946317103,0.5047085546165923
0.5008782883782884,0.495969069146646,0.4442995522995523,0.5055788960975935,0.4492997198879552,0.5226112232602539,0.5328838239206297,0.5616104868913857,0.5132545242972084
0.5030841843341843,0.4849491891271277,0.41607326007326007,0.5093191886119071,0.46330532212885156,0.5083196407054442,0.4497953930175422,0.5415106117353308,0.5290401963850594
0.4245169182669183,0.5108774075030855,0.4574033374033374,0.5127426182676246,0.4182072829131652,0.4722556061530757,0.4792658404143781,0.5618601747815231,0.5223936332769138
0.47818431568431574,0.5374878727862453,0.49023264143264134,0.5237352307997897,0.5412464985994399,0.44535976401733884,0.4463159006619407,0.5513108614232209,0.5155920114188295
0.5512526825026826,0.5178174000401848,0.452606919006919,0.5004134762315697,0.49180672268907555,0.3949223823607656,0.45057117819194714,0.6095505617977529,0.5223484879147656
0.5159430846930848,0.5195605844025375,0.4882070818070818,0.4803887814021307,0.5859243697478991,0.519886390310314,0.5261458773453516,0.6769662921348314,0.5190113610811297
0.44166643541643535,0.5002505927265422,0.51160407000407,0.4651829521360714,0.5600140056022409,0.5330031453922351,0.48633866954603067,0.5700374531835205,0.5147258806358239
0.498312567062567,0.5251938230144378,0.4398827838827839,0.5035101168602311,0.41344537815126053,0.5651859067649407,0.437277983819226,0.5409488139825218,0.5086984445779981
0.533999333999334,0.5814616378196849,0.4842813186813186,0.4836520178130625,0.5740196078431372,0.5245657480869442,0.43578626981518864,0.4452559300873908,0.5100604798320496
0.4921710234210234,0.530229822899624,0.5452030932030931,0.48705741126263835,0.5276610644257703,0.49943429885920854,0.3931102608641221,0.4718476903870162,0.5179451764337928
0.4411764161764161,0.47012398748528944,0.4682275946275946,0.4922503350586772,0.4721988795518207,0.5278457192933039,0.35839475454986464,0.4640449438202247,0.5436474017359239
0.5158302345802346,0.4999432589913603,0.41020008140008146,0.4989287993202941,0.4257002801120448,0.41659702987340186,0.3973905763422688,0.42434456928838954,0.5387996635267951
0.509223877973878,0.5039569562846236,0.39428245828245834,0.5236875443272581,0.5103641456582633,0.4104948124501197,0.41884222962928186,0.45212234706616733,0.5169147083353774
0.5602608040108039,0.5113018054479175,0.5040296296296296,0.5134686250760562,0.6318627450980392,0.4066820024099025,0.40762131668309787,0.4443196004993758,0.4776891394380939
0.5303978428978429,0.5123298716955136,0.4859174603174603,0.498791430654962,0.5904061624649859,0.5292059840696055,0.4192400982739464,0.35274656679151056,0.4861338610402459
0.5106664169164168,0.5587639714113493,0.5479973951973951,0.5328881161868784,0.446218487394958,0.55563823294681,0.46702228377384464,0.4249063670411985,0.509602851232236
0.5492350242350242,0.5531256580269238,0.44868799348799354,0.5054111418505591,0.5014005602240897,0.5221890991033284,0.5532338074894761,0.41978776529338324,0.536526729280119
0.582405094905095,0.5521067079996554,0.41231583231583235,0.49063542106017566,0.4920168067226891,0.46346415661236556,0.4852354349561054,0.5480649188514357,0.5388705165865346
0.5521379083879083,0.5334886075949367,0.4744651200651201,0.49994090261033025,0.559593837535014,0.5328697400748009,0.44635189271239223,0.4927590511860174,0.5281778570581694
0.561990786990787,0.4927848216079681,0.46140919820919823,0.492257053291536,0.5007002801120449,0.5331940597468037,0.41179717697134716,0.563920099875156,0.48652594840062796
0.5255642505642506,0.5144055569907288,0.4385090761090761,0.505527166371266,0.45700280112044817,0.45284532807536426,0.36869317559426007,0.45761548064918844,0.49446829619045285
0.50502368002368,0.5218052182898475,0.45153764753764747,0.5115223960376898,0.4427871148459383,0.36040248501635286,0.38377658325900194,0.51916354556804,0.48974849394511766
0.4878256003256003,0.5329359740520682,0.4668952380952381,0.5115058810518657,0.5273809523809524,0.33204544387587437,0.4344514342049669,0.3931335830212235,0.4818963382475593
0.5247604247604247,0.48732559487930194,0.5395067155067155,0.4796080110544363,0.5792717086834734,0.4448249690937828,0.419918078963429,0.4654806491885143,0.4820267134376687
0.514217957967958,0.4803083440971325,0.5335905575905576,0.50532047766867,0.5311624649859944,0.4473068557031752,0.4132536813608125,0.45312109862671657,0.4894527731442869
0.5829494579494578,0.5109808777519447,0.5577754985754985,0.5076924562335423,0.5069327731092437,0.38186978702095364,0.4359192839146832,0.519725343320849,0.5116984834175539
0.5596121471121471,0.5480279227302736,0.5283246235246235,0.4644172300652588,0.4488095238095237,0.3470153983381062,0.35624931536860555,0.4826466916354556,0.5005373432108456
0.48950887075887073,0.4967951204110336,0.451245584045584,0.46071993212353374,0.46498599439775906,0.3654206375287545,0.46752226030076827,0.38514357053682896,0.47597704224517157
0.505232498982499,0.4882458279514337,0.5055850223850223,0.45289775999425863,0.5554621848739496,0.3882618969375459,0.555678528394598,0.43601747815230957,0.49322873636527176
0.5045364357864358,0.48503837653204745,0.5499024827024827,0.5018325469381175,0.5541316526610645,0.39527721703206425,0.5496932851352831,0.47696629213483144,0.47369030973523685
0.5019734894734895,0.530764465110939,0.498228083028083,0.503951497425514,0.4783613445378151,0.44078368777678667,0.5628483795752939,0.497940074906367,0.46107689567695304
0.49332079957079955,0.4768649961250323,0.4886098494098494,0.47386251995890866,0.4843837535014006,0.5231358465173779,0.5415876406428494,0.5754681647940074,0.497529949896973
0.45812497687497683,0.467492384970866,0.45081058201058194,0.46922538080999593,0.5110644257703081,0.48857369763547875,0.5148361579268579,0.5546192259675405,0.535759334269571
0.43263333888333894,0.5037200034444157,0.30987317867317865,0.4610538770431226,0.43494397759103637,0.5322457474609956,0.4616614243462748,0.5273408239700375,0.5114253462853032
0.4410788285788286,0.5520304256723787,0.46206398046398045,0.4864356635377529,0.5397759103641457,0.49489695319468563,0.48157832965588465,0.5832084893882646,0.5021856837397178
0.4830805768305768,0.5307490226470335,0.4791091575091575,0.5057473903659576,0.5370448179271708,0.5548800525796911,0.5089710185750278,0.5589263420724094,0.5015432125831983
0.48775437525437526,0.4670049656993599,0.5439716727716728,0.492019271928034,0.5218487394957984,0.5639074065380343,0.5507734378667668,0.48395755305867666,0.4920415634352156
0.5446338383838384,0.48041982835328223,0.48882800162800166,0.4832373866462426,0.4746498599439777,0.5503520961457208,0.5397493075442468,0.4651061173533083,0.5108321942100444
0.5409003034003035,0.5226704325612102,0.42930728530728535,0.5166796140986809,0.5386554621848739,0.5962603477145048,0.5664941395552634,0.5230337078651685,0.4802053789718556
0.5089547027047028,0.5155177243893337,0.45604590964590963,0.477595298923322,0.4635854341736695,0.4701042987027213,0.5650384176016775,0.54812734082397,0.4754416629871298
0.4558857808857809,0.5508166709721863,0.48834969474969475,0.4687542472302633,0.5716386554621848,0.44942177988513843,0.5196305337777569,0.5129213483146067,0.5098919222922697
0.4679850242350243,0.5317403369786733,0.49164379324379326,0.48125613150026086,0.43235294117647055,0.428324961269424,0.4171850304367558,0.5079900124843946,0.521163796116862
0.47369181744181743,0.5268245012773042,0.47017761497761495,0.492915731884821,0.4315126050420168,0.4698214481323255,0.5380036930973506,0.5465043695380774,0.5168504666879261
0.5006657694157695,0.5093283274491232,0.5019783475783475,0.4896553598701766,0.45203081232492986,0.44166823153842544,0.5266826283586059,0.5544943820224719,0.49851832358256065
0.38342328967328965,0.49074369528402084,0.5603405779405779,0.48411461820566204,0.40294117647058825,0.428729871837003,0.4980959422875295,0.5893882646691635,0.5053169517285646
0.4447501572501572,0.5283681276730101,0.5407472527472528,0.49783267282409904,0.3997198879551821,0.4709086427867237,0.571318247969579,0.5835830212234706,0.4760153508233985
0.4859827672327672,0.5175152444100003,0.45318551078551084,0.49811922265210384,0.5226190476190476,0.544339076412688,0.5055279094878176,0.5545568039950063,0.521867458482559
0.4901191401191401,0.4923370934871839,0.46106796906796904,0.5136647405327174,0.36491596638655466,0.5571725897062736,0.4895752155610847,0.5744694132334581,0.5206014443204305
0.5390491452991453,0.5236024110910187,0.48389873829873825,0.5199507389722802,0.39355742296918766,0.40176008951066455,0.4680648795831181,0.5592384519350811,0.5355672220723152
0.5175942113442114,0.5207833060650421,0.47445339845339846,0.5422946390807735,0.4916666666666667,0.3897888205561554,0.49860335195530714,0.47528089887640446,0.5237543398093182
0.5885131072631072,0.5058036683027641,0.5053300773300773,0.510482615871477,0.5508403361344538,0.37258540287623426,0.5875749182354506,0.4430711610486891,0.5248558342123338
0.5591658341658341,0.508832744912311,0.49861587301587296,0.5187465917154868,0.5911764705882353,0.423642864967216,0.541458147504812,0.42209737827715355,0.5221620508920832
0.4965596903096904,0.5014592726542094,0.5044037444037445,0.5262657774645662,0.507422969187675,0.4819715036852729,0.520177847675383,0.4702247191011236,0.511059452628007
0.4455001017501018,0.49480404144780277,0.485362962962963,0.5096941319681175,0.530252100840336,0.40725670156330684,0.4090230505610066,0.5199750312109862,0.5015701099977106
0.4630108317608318,0.5221894773099114,0.4588525844525845,0.48901562456800224,0.5553221288515406,0.5366262147317028,0.4463816252758086,0.516916354556804,0.47986957319416507
0.5400358900358901,0.5138463216510232,0.4227588115588115,0.4652542185039451,0.47317927170868346,0.5340660845343724,0.43915270018621977,0.5717852684144819,0.48449750455853735
0.5211129148629148,0.4821031028445134,0.49906455026455027,0.49529819271261355,0.48270308123249295,0.4887430950033645,0.5453687620299517,0.4985642946317103,0.5055854480449394
0.5761405261405261,0.49555261632078995,0.538962962962963,0.48964667922781313,0.4638655462184874,0.47277944697432045,0.5086592178770949,0.4571785268414482,0.4892197174115684
0.5292346542346543,0.46159475300668795,0.5561667073667074,0.4999946457280239,0.4139355742296919,0.5524568486612523,0.43915270018621977,0.38695380774032456,0.4784462716070582
0.5317090317090318,0.4928227790694336,0.5603503459503459,0.4883743339268799,0.4208683473389355,0.5313702017119697,0.4535855124172574,0.3966916354556803,0.48670761888992453
0.49665450290450297,0.5017421854817876,0.5327729751729752,0.5093004935632458,0.5679271708683473,0.4731960940800901,0.4520538941833717,0.48882646691635456,0.49385476050303356
0.5325038387538388,0.4956560521254915,0.534364183964184,0.4868668712607991,0.4957983193277311,0.4832633053221289,0.46994624665508666,0.5431960049937578,0.5171821600721189
0.6067148129648129,0.49134549212089895,0.47699503459503456,0.48308348966136877,0.5483193277310925,0.47825767178379736,0.4685570317512481,0.530649188514357,0.5154684673911266
0.6321800884300884,0.5200842044834811,0.47180822140822143,0.495861590128186,0.5950980392156863,0.5211715412421952,0.45272639782169855,0.5279650436953807,0.5024481180191008
0.5770232082732083,0.5234104308390023,0.49585999185999186,0.4856619028038652,0.5566526610644258,0.5208053612506454,0.4199693285135283,0.5267166042446941,0.5004031157500531
0.5413399100899101,0.5088996584287723,0.44142743182743177,0.4779117276517578,0.540266106442577,0.483642786723628,0.36846470431748113,0.5234706616729088,0.527074734971136
0.5650044400044401,0.5405505439306524,0.504702971102971,0.47427548754836657,0.42177871148459384,0.37840555216500005,0.4903995117600113,0.5709737827715355,0.5171893269922647
0.5871249121249121,0.5314466660925973,0.5239423687423688,0.5021211211381975,0.4416666666666667,0.41971503685272993,0.5010308592710827,0.5484394506866417,0.5014670431037302
0.5146522459022458,0.5542410287321681,0.5107799755799756,0.5175355168080336,0.47401960784313724,0.48917108742938514,0.48933344287435643,0.44188514357053676,0.5137360525110795
0.455762062012062,0.5350546800998881,0.486860398860399,0.5266590072302084,0.38634453781512607,0.524076725662332,0.47535326979954,0.466729088639201,0.5192467155022977
0.47711085211085213,0.5111433163982892,0.4271863247863248,0.5119843858244542,0.46638655462184875,0.5481898345930551,0.439140963648029,0.4659176029962547,0.5205628929949795
0.530817330817331,0.5261842532793708,0.4565948717948718,0.49093872666525884,0.5241596638655462,0.5400912320235356,0.5241162386742406,0.43264669163545566,0.501528500568284
0.4765572390572391,0.5676031918252533,0.44116825396825393,0.5083098085376186,0.5807422969187674,0.6078998638561569,0.5343982285651692,0.44550561797752797,0.53411041932411
0.4837942150442151,0.5154797898906398,0.40098168498168496,0.4897458899305529,0.5203781512605042,0.555418759682644,0.5541934650955354,0.4487515605493134,0.5430678613918463
0.4539532227032227,0.5075793105427825,0.5129416361416361,0.4495701154523474,0.4420868347338936,0.5497762233384974,0.45986925496455566,0.4950062421972534,0.523876470792654
0.48377548377548385,0.5199097563075863,0.527193487993488,0.4979110782212743,0.5242296918767507,0.521990360389966,0.3934963929705961,0.5208489388264669,0.5128974446638539
0.42962777962777965,0.5188476362696978,0.4783251119251119,0.5116791805567729,0.488655462184874,0.5132638530272444,0.436803827676322,0.5227840199750311,0.5086177610222571
0.4319169256669257,0.5024958580900715,0.4241601953601954,0.48806110960453175,0.43396358543417374,0.4782670610143499,0.5133949110370406,0.531023720349563,0.46189291014570966
0.5062243312243313,0.5095945233789718,0.48289263329263327,0.4670287284751149,0.36372549019607847,0.48657965979687956,0.5285999874810259,0.5389513108614232,0.47616435162471993
0.5383905446405446,0.5029277993053762,0.4965577533577534,0.49169483355696714,0.3915266106442577,0.5201692408807099,0.4915974210913416,0.5696629213483145,0.5306853617802416
0.5410309597809598,0.5150637274319011,0.45741896621896616,0.4972685785256948,0.3314425770308123,0.544726382172981,0.5151624336885592,0.4444444444444445,0.5201476480604752
0.4509763384763385,0.5406848072562358,0.42932617012617014,0.45832319206063393,0.5040616246498599,0.4749804391030155,0.5811397743454924,0.42353308364544323,0.5301022257109683
0.5427276427276426,0.5329549413014151,0.4857878713878714,0.47269584162523903,0.4261904761904762,0.5564003254933259,0.6260727195906295,0.45973782771535576,0.5075125681736414
0.5649706774706775,0.5146800309997417,0.47465852665852665,0.48166712060131933,0.3997198879551821,0.527605902696274,0.48362909409573884,0.5518726591760299,0.4706439281509101
0.4554343804343805,0.5303499870834409,0.5635070411070411,0.4859963665619381,0.29649859943977586,0.31204207940159306,0.44498928062845244,0.5730337078651685,0.4936555273798427
0.4371415621415622,0.5387030282155056,0.5583606023606024,0.49460733201525614,0.40224089635854343,0.3781567375553573,0.35894167722955106,0.4261548064918851,0.5052448246291845
0.48604821104821105,0.5489554464823905,0.543383312983313,0.4663490104518698,0.41673669467787117,0.3530569769807364,0.38693840664757523,0.42209737827715355,0.5043756914463033
0.47630378880378876,0.5041163523637302,0.48955962555962557,0.4970324187775608,0.48536414565826325,0.42862619908298516,0.47770722814265365,0.4257802746566791,0.46999187384503427
0.4813055000555001,0.5090714773673183,0.3965479853479853,0.5024663197154898,0.42338935574229686,0.4527353958343114,0.5867455362033082,0.44456928838951304,0.48931684849711354
0.4559232434232435,0.49185594305232644,0.4041937321937322,0.4928413575842284,0.4397759103641457,0.43513058854826847,0.5201645462654335,0.4548064918851435,0.511539904066297
0.5056133681133682,0.5058618444846293,0.51322849002849,0.48304892670435795,0.4189775910364146,0.4206023191399465,0.5036633647872557,0.43682896379525593,0.48797181117025623
0.526479538979539,0.5138039553374092,0.5029313797313797,0.5175674318455845,0.6236694677871149,0.46246302990469934,0.5341861884418572,0.4640449438202247,0.5128012084212334
0.5718142968142967,0.5031853612331008,0.5092884004884005,0.48445239029438697,0.5380252100840336,0.5520143811714631,0.39017025804735306,0.528589263420724,0.5215551087303145
0.5870830558330559,0.5155452797152617,0.5183068783068784,0.49567955311653106,0.41918767507002797,0.5782834921678168,0.45877853934870033,0.5271535580524344,0.4924856922230944
0.55748741998742,0.5162628204024226,0.5484770044770044,0.4923217661371808,0.6385154061624649,0.4163982911600394,0.43783312207564584,0.464669163545568,0.5113160303112071
0.5271281958781959,0.4772989810270099,0.5077284493284493,0.5104368557289789,0.663655462184874,0.474499241037197,0.4214496971973147,0.47777777777777775,0.5261564181343931
0.49008537758537757,0.5079034071012372,0.46349304029304034,0.5287037673438822,0.5144957983193278,0.5132059527721704,0.4200753485751843,0.42309612983770284,0.5310596677787045
0.4982054982054982,0.522036476362697,0.4413167277167277,0.5070095553734588,0.5399859943977591,0.45693159945542455,0.4690327527659107,0.5104868913857679,0.5131751321566992
0.5231851481851482,0.47666970923390456,0.45646430606430605,0.49650744756760634,0.4784313725490196,0.4588325274243775,0.4465764518097742,0.5584269662921348,0.4837702175219546
0.5657340344840345,0.491712173139298,0.4494098494098494,0.4535523223904689,0.6077731092436975,0.4375764831072094,0.2951805862009608,0.5441323345817728,0.4889263474259595
0.5132110944610945,0.48847395160595874,0.5038261294261295,0.4693559904569799,0.5154761904761905,0.4658020750199521,0.4484985055474704,0.544194756554307,0.5046418374585031
0.5195630758130758,0.5111413875254744,0.5158622710622711,0.4960531858467293,0.5637955182072829,0.49198511806957423,0.4392939298624478,0.531585518102372,0.5074753271721533
0.511525049025049,0.5146751169666179,0.5397776149776149,0.4861697009698124,0.46540616246498595,0.5092656056836142,0.44349600175265635,0.5450062421972534,0.48576041768876016
0.5434417434417433,0.5249200378885732,0.4752507936507936,0.4955613328462604,0.5462885154061624,0.5633722203965384,0.5033750371657042,0.5424469413233458,0.4946045284877921
